llong0,Lillian Long,440 Holmberg Trail,Changle,,,86-(726)293-0481,Female,04/19/1989,Sales Associate,llong0@wp.com,yxlJth,,,maestro,6761971434578173,3/11/2016,
nperry1,Nicole Perry,08 Southridge Place,Viljoenskroon,,,27-(880)374-9333,Female,10/17/1969,Project Manager,nperry1@exblog.jp,QyYOZL0,,,diners-club-enroute,201639979053628,11/27/2015,
smedina2,Shirley Medina,12 Sutteridge Circle,Ekibastuz,,,7-(821)510-7458,Female,01/09/1960,Payment Adjustment Coordinator,smedina2@geocities.jp,EeslGz,,,mastercard,5136359123241719,1/7/2016,
jruiz3,Joseph Ruiz,86449 Shoshone Hill,Kiuruvesi,,,358-(958)481-3092,Male,12/02/1963,GIS Technical Architect,jruiz3@narod.ru,USTmSheXaSc,,,diners-club-enroute,201613443313769,5/27/2015,
jcarroll4,Jessica Carroll,0 Melrose Road,Fradelos,03,4705-676,351-(265)629-2476,Female,07/15/1990,Food Chemist,jcarroll4@alibaba.com,4wooyvmS8N,,,diners-club-enroute,201688217619757,1/19/2016,
sadams5,Susan Adams,10341 Clyde Gallagher Circle,Jinkou,,,86-(173)134-9584,Female,07/26/1951,Systems Administrator IV,sadams5@123-reg.co.uk,BBQSlO,,,switch,5641824213130974784,3/6/2016,
snelson6,Sean Nelson,97 Delladonna Junction,Bayan Ewenke Minzu,,,86-(928)375-0203,Male,02/15/1977,Product Engineer,snelson6@hao123.com,3xqmjUe,,,jcb,3536211996511523,2/14/2016,
awebb7,Anna Webb,301 Scoville Center,Los Angeles,CA,90094,1-(323)423-9245,Female,09/27/1997,Account Coordinator,awebb7@rakuten.co.jp,xfQywV8l,,,visa-electron,4026316926611825,12/8/2015,
jrodriguez8,Judy Rodriguez,75479 Dixon Avenue,Daping,,,86-(358)122-9910,Female,12/19/1965,Senior Financial Analyst,jrodriguez8@simplemachines.org,oXpTGR,,,visa,4041372342576,8/25/2015,
jhicks9,Jane Hicks,3 Grover Crossing,Podedwórze,,,48-(191)773-1191,Female,04/06/1997,Senior Editor,jhicks9@weibo.com,eXnYdQNFkyv,,,jcb,3531379338167844,4/30/2015,
sstonea,Shirley Stone,5 Buell Trail,Cañasgordas,,,57-(817)771-7020,Female,06/14/1950,Statistician II,sstonea@surveymonkey.com,L0ouGkH8Pzl,,,jcb,3579789114165387,8/9/2015,
mbutlerb,Melissa Butler,9 Walton Lane,Log,,,7-(729)344-3381,Female,11/20/1968,Social Worker,mbutlerb@hatena.ne.jp,6owya9Jg5,,,diners-club-enroute,201765937732449,5/19/2015,
lwagnerc,Louise Wagner,7 Lawn Avenue,Arbuzynka,,,380-(276)822-2588,Female,09/06/1968,Account Representative II,lwagnerc@google.com.br,8Nx05afkdv,,,diners-club-carte-blanche,30210670708485,1/6/2016,
fmyersd,Fred Myers,1 Cherokee Circle,Aban,,,7-(709)777-5555,Male,06/04/1994,Engineer III,fmyersd@nhs.uk,wM8GAe1Dbni7,,,jcb,3569124973514719,8/13/2015,
jcastilloe,Jonathan Castillo,18594 Roth Terrace,Borek,,,420-(177)213-0549,Male,03/06/1974,Research Associate,jcastilloe@indiegogo.com,uKycVMv,,,jcb,3559244842964804,5/7/2015,
amatthewsf,Anne Matthews,8076 Service Way,Valparaíso,,,55-(301)429-9145,Female,08/25/1988,Assistant Manager,amatthewsf@blinklist.com,kOxTPVTkIp,,,jcb,3541368796933399,1/6/2016,
khughesg,Kathleen Hughes,9 Meadow Vale Court,Chikeng,,,86-(111)106-1308,Female,03/23/1996,Operator,khughesg@yellowpages.com,dOa914iJyDV0,,,jcb,3575095896273025,7/28/2015,
kbarnesh,Kevin Barnes,3706 Bonner Drive,Lansing,MI,48930,1-(517)184-7485,Male,08/15/1952,Dental Hygienist,kbarnesh@examiner.com,QUzSQk,,,jcb,3555066957913803,11/1/2015,
shunteri,Sean Hunter,4 Porter Place,Delaware,ON,,1-(191)397-6809,Male,05/22/1952,Account Coordinator,shunteri@theglobeandmail.com,5l8peQA,,,mastercard,5002359636845908,7/15/2015,
dgardnerj,Deborah Gardner,936 Kropf Road,Providencia,,,51-(476)624-6160,Female,10/14/1965,Account Executive,dgardnerj@chronoengine.com,FDAS7S,,,jcb,3535416509351496,3/31/2016,
smorenok,Shirley Moreno,1 Stoughton Parkway,Adassil,,,212-(415)408-9523,Female,10/11/1959,Safety Technician II,smorenok@paginegialle.it,ou7XE6YMBt,,,china-unionpay,5610945624326788,9/25/2015,
swrightl,Steve Wright,2 Garrison Way,Tielu,,,86-(535)164-6404,Male,01/20/1950,Programmer III,swrightl@blinklist.com,TUUzGUfov,,,maestro,5893713152266976,2/23/2016,
mrossm,Melissa Ross,29 Morning Crossing,Houjia,,,86-(446)509-9373,Female,10/24/1954,Assistant Media Planner,mrossm@mayoclinic.com,aQORVrZjxskr,,,jcb,3559950885953591,6/28/2015,
ehamiltonn,Edward Hamilton,9454 Bluestem Place,Pandasan,,,63-(450)470-5844,Male,09/22/1997,Civil Engineer,ehamiltonn@alibaba.com,NTAdqToC0E,,,diners-club-enroute,201660775971011,7/10/2015,
lhallo,Linda Hall,114 Merchant Alley,Dubrovka,,,7-(767)233-1230,Female,08/23/1954,Junior Executive,lhallo@apache.org,1o20qTk6,,,jcb,3537536580482346,2/17/2016,
bholmesp,Beverly Holmes,31075 Express Avenue,Yongjiahe,,,86-(532)960-1421,Female,11/11/1978,Programmer Analyst III,bholmesp@uiuc.edu,KBdpPw3e1uTZ,,,mastercard,5048373780399022,1/1/2016,
phamiltonq,Phyllis Hamilton,01280 Anderson Point,Villamontes,,,591-(262)944-5072,Female,06/24/1973,Recruiting Manager,phamiltonq@aol.com,9lYBuwipy62s,,,mastercard,5251432739854859,2/12/2016,
taustinr,Theresa Austin,0 Del Sol Park,Iwata,,,81-(836)127-2483,Female,09/17/1978,Social Worker,taustinr@360.cn,K8wXog,,,jcb,3555200214691601,2/25/2016,
cwards,Carl Ward,3926 Stoughton Way,Basud,,,63-(644)828-2491,Male,09/12/1955,Health Coach I,cwards@foxnews.com,GV71tZ,,,maestro,06042269478036146,10/15/2015,
pcollinst,Paula Collins,063 Vernon Terrace,Olinda,,,55-(637)106-9629,Female,02/12/1963,Web Designer II,pcollinst@nhs.uk,kpeItYXs0w,,,mastercard,5100170579504472,5/17/2015,
ebaileyu,Emily Bailey,7 Muir Terrace,Yono,,,81-(125)322-5081,Female,06/12/1992,Analyst Programmer,ebaileyu@taobao.com,tVqsecrFN7,,,jcb,3549779836581349,3/6/2016,
aphillipsv,Andrew Phillips,18 Alpine Lane,Cabimas,,,58-(965)126-6398,Male,05/14/1994,Web Developer IV,aphillipsv@163.com,DEjdJH1uiX,,,americanexpress,372301866493853,9/12/2015,
mfoxw,Mildred Fox,459 Victoria Park,Chengyue,,,86-(109)463-4623,Female,08/09/1974,Sales Associate,mfoxw@techcrunch.com,lDFjM4JfvH6m,,,diners-club-carte-blanche,30132614605637,12/11/2015,
dlewisx,Debra Lewis,7905 Lien Park,Pilawa,,,48-(912)479-4727,Female,01/19/1985,Desktop Support Technician,dlewisx@google.es,0sjE8OcGFdUJ,,,jcb,3548767979999114,10/31/2015,
lwelchy,Lori Welch,3628 Stephen Pass,Bajram Curri,,,355-(567)853-2440,Female,07/09/1961,Research Nurse,lwelchy@cnbc.com,bjFHZqAOA,,,jcb,3547619542330148,10/14/2015,
mbakerz,Michael Baker,0 Independence Road,Mineralnye Vody,,,7-(185)382-0501,Male,08/13/1993,Media Manager II,mbakerz@fc2.com,r0PDmoJjjs,,,laser,63042251647030482,12/26/2015,
ksullivan10,Kenneth Sullivan,6 Nobel Crossing,San Jose,CA,95108,1-(408)842-3705,Male,10/20/1985,General Manager,ksullivan10@twitter.com,GGSzOE8K,,,bankcard,5602220156073996,1/18/2016,
bward11,Brenda Ward,396 Caliangt Drive,Lille,B4,59715 CEDEX 9,33-(484)822-9879,Female,07/27/1996,Desktop Support Technician,bward11@addtoany.com,Rrv1dsVnYP,,,visa,4041595190347098,10/14/2015,
ereid12,Evelyn Reid,6407 Scoville Parkway,Jahrom,,,98-(877)622-8456,Female,06/21/1965,Operator,ereid12@uol.com.br,zImvcq24d,,,jcb,3569098365318824,8/20/2015,
jfreeman13,Jeffrey Freeman,288 Straubel Road,Mólos,,,30-(409)563-4101,Male,06/21/1967,Database Administrator II,jfreeman13@sfgate.com,gt30KGkYQ,,,jcb,3539841120504239,12/25/2015,
jholmes14,Jeffrey Holmes,88965 Anthes Drive,Lucun,,,86-(578)947-7148,Male,05/11/1952,Web Developer I,jholmes14@oracle.com,lrxAnf,,,visa-electron,4913970383303585,4/25/2016,
pgonzales15,Paul Gonzales,722 Sullivan Lane,Al Bahlūlīyah,,,963-(130)250-3731,Male,08/13/1947,Database Administrator IV,pgonzales15@arizona.edu,kQIABWoNW4,,,jcb,3565154224509345,7/12/2015,
solson16,Samuel Olson,777 Delladonna Circle,Curahnongko,,,62-(644)341-4258,Male,09/13/1958,Computer Systems Analyst II,solson16@fda.gov,M1gkPOuI5k,,,jcb,3533323609966649,7/5/2015,
twilliams17,Terry Williams,2 Pearson Hill,Virginia Beach,VA,23459,1-(757)509-6446,Male,02/20/1964,Food Chemist,twilliams17@ucoz.com,XqNzkw,,,jcb,3574528148819147,11/6/2015,
rreed18,Robert Reed,7221 Del Sol Drive,Kranuan,,,66-(468)500-0838,Male,11/03/1961,Financial Advisor,rreed18@wsj.com,ikOAYnqBU,,,americanexpress,372301043083296,7/24/2015,
fchavez19,Frank Chavez,2809 Gulseth Junction,Xinbu,,,86-(307)215-5709,Male,09/04/1981,Administrative Assistant II,fchavez19@hubpages.com,mokZc0CPd,,,visa,4041378449862,8/8/2015,
darmstrong1a,Dennis Armstrong,3018 Mayfield Park,Vorzel’,,,380-(553)830-8342,Male,09/23/1986,VP Product Management,darmstrong1a@digg.com,Def77vdxQ12,,,jcb,3551380524636217,7/2/2015,
ccarpenter1b,Carol Carpenter,4408 Debra Road,Vélo,,,30-(962)203-2901,Female,10/01/1971,Account Coordinator,ccarpenter1b@bravesites.com,CGbnGUM,,,jcb,3537087612325210,3/1/2016,
kchavez1c,Karen Chavez,808 Northview Point,Port-Gentil,,,241-(913)613-8661,Female,10/10/1983,Nurse Practicioner,kchavez1c@canalblog.com,eBpWCHSEq,,,visa,4017958526220,8/31/2015,
bmills1d,Brian Mills,2774 Amoth Terrace,Argasari,,,62-(680)128-5584,Male,08/23/1985,Quality Engineer,bmills1d@tiny.cc,W6S95tKCeS4,,,jcb,3537985947640031,11/22/2015,
swilliamson1e,Shawn Williamson,79 Waxwing Drive,Xinsheng,,,86-(445)223-8871,Male,02/13/1975,Librarian,swilliamson1e@usgs.gov,7Q6u6M5T05Pj,,,jcb,3528295301328806,8/3/2015,
jfuller1f,Julie Fuller,61031 Arkansas Road,Macia,,,258-(565)167-6738,Female,02/20/1970,Programmer Analyst II,jfuller1f@statcounter.com,y9T0si7M,,,jcb,3572039189365471,2/3/2016,
lrose1g,Louise Rose,940 Arapahoe Lane,Tawala,,,63-(615)251-6806,Female,12/20/1977,Physical Therapy Assistant,lrose1g@jiathis.com,Uqhk35BxZ,,,china-unionpay,56022373028549209,4/29/2015,
gwatson1h,George Watson,75002 Alpine Pass,Izumo,,,81-(358)743-1358,Male,06/29/1988,Staff Scientist,gwatson1h@imdb.com,fuYIy7Rf,,,jcb,3572013267352941,5/10/2015,
wmoore1i,Wanda Moore,073 La Follette Avenue,Kokterek,,,7-(457)251-5514,Female,06/06/1996,Software Test Engineer IV,wmoore1i@tmall.com,1tAZznGGuwN5,,,china-unionpay,560225136597260151,3/14/2016,
jgomez1j,Jerry Gomez,8066 Little Fleur Center,Cuchumbaya,,,51-(320)969-8099,Male,06/29/1981,Engineer IV,jgomez1j@123-reg.co.uk,fiAK9dS,,,jcb,3574609164499384,8/10/2015,
abrooks1k,Andrea Brooks,89882 Ramsey Crossing,Roissy Charles-de-Gaulle,A8,95943 CEDEX 2,33-(285)336-6812,Female,05/13/1982,Community Outreach Specialist,abrooks1k@cam.ac.uk,5lVd6MaSjSm,,,jcb,3532084596633599,12/17/2015,
jgraham1l,Janet Graham,4 North Point,Besisahar,,,977-(592)488-0272,Female,06/18/1951,Professor,jgraham1l@seesaa.net,K4lrT9Y,,,jcb,3557997764691471,2/6/2016,
phart1m,Peter Hart,5323 Farmco Road,Lokoja,,,234-(185)159-5330,Male,03/27/1995,Geologist IV,phart1m@youku.com,6jvG0OLWB,,,diners-club-carte-blanche,30428342328678,8/21/2015,
tmorris1n,Tammy Morris,68 Heath Parkway,El Paso,TX,88525,1-(915)353-3160,Female,11/26/1963,Systems Administrator I,tmorris1n@elegantthemes.com,3xrEJlm,,,bankcard,5602237259605284,8/25/2015,
jkelley1o,Jimmy Kelley,09240 Luster Road,Luba,,,240-(935)398-2600,Male,07/19/1977,Professor,jkelley1o@boston.com,jvwsZE30BDOO,,,jcb,3535656156504794,10/10/2015,
mhoward1p,Michelle Howard,3 Farwell Parkway,Bābol,,,98-(403)663-4642,Female,06/17/1974,Senior Quality Engineer,mhoward1p@people.com.cn,zkyP1oIa6DdS,,,jcb,3577630132377665,4/14/2016,
bmurray1q,Brandon Murray,9778 Weeping Birch Circle,Mustvee,,,372-(478)682-6365,Male,06/29/1997,Assistant Media Planner,bmurray1q@nydailynews.com,8RJz5TzU,,,jcb,3556449698681153,6/4/2015,
bthomas1r,Bruce Thomas,4 Trailsway Junction,Yanac,,,51-(643)639-1025,Male,04/29/1955,General Manager,bthomas1r@mediafire.com,S2FwhiJwI,,,jcb,3539840477253721,11/5/2015,
awright1s,Alan Wright,11366 Veith Plaza,Settat,,,212-(371)329-0295,Male,12/11/1977,Chief Design Engineer,awright1s@nsw.gov.au,NTx18Y2CqdQ,,,jcb,3554881777056273,7/15/2015,
jcunningham1t,Joyce Cunningham,80938 Mariners Cove Terrace,Zhatay,,,7-(736)732-9750,Female,04/14/1947,Social Worker,jcunningham1t@google.pl,VGPpV4j,,,jcb,3557077707499405,1/5/2016,
mmills1u,Mary Mills,44504 Namekagon Street,Banyuresmi,,,62-(884)932-8106,Female,06/17/1953,Software Consultant,mmills1u@house.gov,z6IaHJ2QtYT,,,jcb,3580381715242497,10/25/2015,
pcruz1v,Phillip Cruz,790 Springs Terrace,Dupi,,,86-(232)504-3161,Male,09/07/1984,Research Assistant II,pcruz1v@issuu.com,4CmMly,,,laser,6706048079847987,6/14/2015,
tmitchell1w,Todd Mitchell,33759 Mandrake Trail,Selmes,02,7960-155,351-(585)332-0290,Male,10/02/1960,Budget/Accounting Analyst II,tmitchell1w@goodreads.com,sM7m6i,,,switch,6333614050355740467,12/10/2015,
lfrazier1x,Lori Frazier,9 Elgar Terrace,Maofan,,,86-(551)336-8676,Female,03/24/1977,Quality Control Specialist,lfrazier1x@bravesites.com,SU65siQdqHd,,,americanexpress,374622353105173,11/10/2015,
dferguson1y,Diana Ferguson,11 Mcbride Circle,Guadalupe,CAM,24400,52-(871)181-7292,Female,03/20/1971,Computer Systems Analyst III,dferguson1y@hostgator.com,hYvIFSp6q,,,bankcard,5602251627733454,5/27/2015,
hperkins1z,Harry Perkins,7 Little Fleur Plaza,Diré,,,223-(414)610-6110,Male,04/28/1975,Software Consultant,hperkins1z@networksolutions.com,5muC0QRlFRsA,,,switch,675984006650646116,1/17/2016,
blittle20,Betty Little,12011 Muir Plaza,Radeče,,,386-(941)665-3550,Female,10/25/1997,Administrative Officer,blittle20@dedecms.com,Hh8N1L1,,,jcb,3541752563737713,9/30/2015,
abanks21,Albert Banks,25 Butternut Alley,Carman,MB,,1-(954)518-7891,Male,10/20/1975,Budget/Accounting Analyst III,abanks21@whitehouse.gov,NOKPEV6H,,,jcb,3537623328156372,3/26/2016,
jhoward22,Jennifer Howard,0459 Vahlen Court,Afanas’yeva,,,7-(965)199-0948,Female,11/14/1959,VP Marketing,jhoward22@wufoo.com,5tcBseI2oG,,,visa,4041375066453522,7/21/2015,
swest23,Steven West,9577 Karstens Street,Eleftheroúpolis,,,30-(364)479-2490,Male,02/14/1950,Environmental Tech,swest23@friendfeed.com,HXrUqB8uF1hw,,,switch,490375241747930022,6/20/2015,
jfuller24,Judy Fuller,06 Farwell Lane,Asmara,,,291-(468)489-5430,Female,01/02/1966,Senior Editor,jfuller24@free.fr,x38YmK,,,jcb,3552733030000485,6/28/2015,
pthomas25,Peter Thomas,79 Cambridge Circle,Selikhino,,,7-(882)322-9271,Male,02/24/1964,VP Quality Control,pthomas25@dyndns.org,bkbRL93MOmD,,,jcb,3567178302889426,10/18/2015,
rjones26,Ronald Jones,5997 Cambridge Place,Brämhult,O,507 33,46-(475)258-1524,Male,12/24/1946,Media Manager II,rjones26@ifeng.com,HwOYJ88C,,,jcb,3586299695215503,4/2/2016,
mnelson27,Melissa Nelson,70 Riverside Street,Chapultepec,VER,95600,52-(672)953-6165,Female,03/07/1976,Quality Engineer,mnelson27@360.cn,zzRJafR4s90t,,,switch,6331109750712800,12/26/2015,
fharvey28,Frank Harvey,81 Fieldstone Avenue,Ciharalang,,,62-(315)995-6220,Male,12/22/1970,Mechanical Systems Engineer,fharvey28@vistaprint.com,P9mEJl4cwiI,,,visa-electron,4508918275835975,12/2/2015,
laustin29,Louise Austin,22202 Chinook Crossing,Lodan Wetan,,,62-(907)184-7588,Female,06/30/1986,Web Designer III,laustin29@arstechnica.com,yDP9LjhpeRFs,,,maestro,6762119072245769365,3/14/2016,
jdavis2a,Jimmy Davis,3259 Monterey Point,Rust’avi,,,995-(534)179-9165,Male,07/14/1961,Technical Writer,jdavis2a@hao123.com,FeY4rAkD,,,mastercard,5100136127392116,11/30/2015,
jmorales2b,Jean Morales,68621 Reinke Alley,Včelná,,,420-(149)921-4764,Female,07/03/1974,Recruiting Manager,jmorales2b@goo.gl,fZTsxKfh3,,,americanexpress,374283350148581,1/16/2016,
lallen2c,Linda Allen,7434 Thompson Avenue,Kasturi,,,62-(819)573-2269,Female,09/03/1984,Assistant Manager,lallen2c@patch.com,YUvYQjV98Ifh,,,maestro,50205464553901402,3/24/2016,
lpalmer2d,Lori Palmer,809 Raven Road,Zapolyarnyy,,,7-(510)693-2421,Female,10/28/1951,Teacher,lpalmer2d@sphinn.com,uQzDBpz,,,mastercard,5002350716969486,4/20/2016,
kgonzales2e,Katherine Gonzales,7 Maywood Park,Tsotsin-Yurt,,,7-(710)833-5858,Female,08/09/1977,Executive Secretary,kgonzales2e@mashable.com,ZNB3BoXK,,,mastercard,5007669598773731,2/20/2016,
emarshall2f,Emily Marshall,3878 Hanover Trail,Lewoluo,,,62-(123)725-1647,Female,05/31/1978,Programmer Analyst IV,emarshall2f@ucla.edu,Ag62A2w,,,mastercard,5007663079536956,11/20/2015,
sduncan2g,Shirley Duncan,21500 Dorton Pass,Irecê,,,55-(155)770-1968,Female,08/24/1950,Senior Quality Engineer,sduncan2g@paypal.com,uLzh09,,,jcb,3546220140017798,11/16/2015,
aboyd2h,Angela Boyd,230 Algoma Terrace,Tekes,,,86-(211)802-5987,Female,06/07/1985,Senior Editor,aboyd2h@netvibes.com,1huuOZ8wN9v,,,maestro,06048742815825227,8/23/2015,
astewart2i,Annie Stewart,4994 Talmadge Way,Stockholm,AB,111 95,46-(605)842-4572,Female,06/26/1952,Senior Editor,astewart2i@mediafire.com,z1nL3i7CtCMH,,,jcb,3539199666584382,1/29/2016,
ewebb2j,Eugene Webb,26 Columbus Pass,Aix-en-Provence,B8,13592 CEDEX 3,33-(453)894-7341,Male,06/10/1997,Staff Scientist,ewebb2j@dailymail.co.uk,DalXTx3seBYK,,,china-unionpay,5602255752098146,9/21/2015,
ngreen2k,Nancy Green,78 Harper Avenue,Embarcación,,,54-(702)930-5798,Female,10/31/1971,Actuary,ngreen2k@unblog.fr,h0q1rSJPRXh,,,jcb,3573004485865524,12/21/2015,
bharris2l,Beverly Harris,1 Boyd Way,Tomdibuloq,,,998-(520)564-9548,Female,09/15/1978,Safety Technician II,bharris2l@ucla.edu,8poQimoVzvG6,,,mastercard,5048379593986111,9/11/2015,
padams2m,Pamela Adams,8 Magdeline Center,Karachi,,,92-(744)871-3213,Female,02/02/1973,Senior Editor,padams2m@java.com,ZBQTLnJSTT6y,,,visa-electron,4175001294026264,9/26/2015,
tbryant2n,Tammy Bryant,91639 Northfield Junction,Changning,,,86-(392)138-8003,Female,02/01/1975,Geologist I,tbryant2n@exblog.jp,Q6awQfQbmuR,,,visa-electron,4913485072936371,8/31/2015,
gkelly2o,Gary Kelly,1 Anderson Crossing,Ath,WAL,7823,32-(498)637-4408,Male,05/07/1960,Staff Accountant I,gkelly2o@who.int,7PXadm,,,visa,4017950851733,10/25/2015,
bweaver2p,Betty Weaver,563 Raven Crossing,Quilo-quilo,,,63-(892)343-8832,Female,03/18/1956,Marketing Assistant,bweaver2p@unesco.org,4vj4qenHOqGF,,,jcb,3588727680551308,3/11/2016,
smyers2q,Stephen Myers,873 Aberg Avenue,Madīnat Lab‘ūs,,,967-(814)469-6402,Male,11/05/1987,Financial Analyst,smyers2q@last.fm,R4Zum62FlDl,,,maestro,6761876029414593740,4/29/2015,
jdaniels2r,Jean Daniels,76 Donald Crossing,Kosti,,,249-(319)314-6870,Female,12/09/1994,Help Desk Operator,jdaniels2r@godaddy.com,efy2msrJPcyB,,,jcb,3576001329716837,8/26/2015,
cryan2s,Carl Ryan,5 Mayfield Court,Ténenkou,,,223-(333)153-0923,Male,09/22/1956,Staff Scientist,cryan2s@digg.com,I0gQT2,,,laser,6304639553145411010,4/8/2016,
dmorrison2t,Donald Morrison,9 Rockefeller Park,Baliang,,,86-(380)254-5597,Male,08/29/1973,Technical Writer,dmorrison2t@cocolog-nifty.com,LTqzXNM2kk,,,mastercard,5137337451800040,2/5/2016,
schapman2u,Steven Chapman,78 Lakewood Road,Armenia,,,504-(525)774-1481,Male,03/22/1992,General Manager,schapman2u@exblog.jp,54mfSdVvt3f4,,,jcb,3535240465942654,6/11/2015,
bkelly2v,Brenda Kelly,3 Reinke Hill,Youlongchuan,,,86-(712)258-2494,Female,04/16/1972,Senior Sales Associate,bkelly2v@addthis.com,eLZcxW0k9Jj,,,jcb,3528935623981424,12/14/2015,
awilson2w,Adam Wilson,16 Summerview Alley,Lianfa,,,86-(372)922-3170,Male,02/12/1979,Executive Secretary,awilson2w@un.org,HezgyXtf4,,,laser,6709191575929011,12/2/2015,
aramos2x,Angela Ramos,65895 Doe Crossing Parkway,Touzao,,,86-(510)961-5242,Female,07/25/1984,Accounting Assistant II,aramos2x@cloudflare.com,CCHxXXx,,,jcb,3549617259338385,3/25/2016,
pday2y,Philip Day,144 Lawn Center,Taiping,,,86-(955)148-1222,Male,11/25/1995,VP Product Management,pday2y@google.pl,AA0U6qKlZA3,,,instapayment,6392814057030477,8/27/2015,
rlawson2z,Robin Lawson,54 Golf Course Parkway,Créteil,A8,94952 CEDEX 9,33-(658)844-8677,Female,09/05/1977,Administrative Assistant II,rlawson2z@sciencedirect.com,eNbzww8xre,,,visa-electron,4405146556884298,11/4/2015,
dtorres30,Donna Torres,34 Florence Crossing,Gagnoa,,,225-(505)897-7533,Female,04/04/1966,Financial Advisor,dtorres30@spotify.com,nvU0ErSvd5p0,,,jcb,3573703573061884,11/20/2015,
jhill31,Jeffrey Hill,3 Cody Alley,Sancha,,,86-(596)165-1870,Male,08/14/1957,Chemical Engineer,jhill31@mit.edu,f4vHAxfz2,,,jcb,3542828437686812,7/11/2015,
pandrews32,Phillip Andrews,73352 Michigan Place,Cristalina,,,55-(260)897-5406,Male,07/27/1989,Technical Writer,pandrews32@php.net,KGROEN5K,,,jcb,3536869812414972,9/3/2015,
abowman33,Andrea Bowman,23 Lakewood Gardens Lane,Fanrong,,,86-(948)769-8947,Female,08/30/1979,Software Test Engineer I,abowman33@ibm.com,47qlln,,,jcb,3559822387272624,12/9/2015,
dromero34,Donald Romero,202 Oriole Point,Gradil,11,2665-105,351-(873)930-5662,Male,07/25/1982,Software Engineer II,dromero34@last.fm,cfiiwTvvt,,,americanexpress,374283905920823,1/10/2016,
mtorres35,Melissa Torres,44 Claremont Street,Santa Bárbara,,,58-(905)435-3006,Female,04/21/1947,Office Assistant I,mtorres35@google.co.jp,VQJNGH,,,mastercard,5108751891335364,8/11/2015,
rmyers36,Rebecca Myers,066 Towne Drive,Sanhui,,,86-(937)122-0229,Female,06/18/1971,Payment Adjustment Coordinator,rmyers36@howstuffworks.com,qaNsah,,,diners-club-enroute,201828261682356,1/19/2016,
emitchell37,Eugene Mitchell,5 Arizona Place,Coté-Lai,,,54-(656)996-6015,Male,05/21/1962,General Manager,emitchell37@house.gov,PfKkp3ff,,,bankcard,5602217688434290,10/7/2015,
lmedina38,Larry Medina,98 Northridge Terrace,Jeju-si,,,82-(677)654-7970,Male,12/21/1961,Pharmacist,lmedina38@twitpic.com,MsveeMmVi,,,jcb,3573065031899325,12/18/2015,
ishaw39,Irene Shaw,2776 Tomscot Point,Iznoski,,,7-(767)826-4003,Female,04/10/1990,Nurse Practicioner,ishaw39@quantcast.com,BESXHsAtnk,,,jcb,3539439270561669,4/1/2016,
sbutler3a,Sara Butler,29129 Declaration Park,Cikarang,,,62-(842)194-3402,Female,07/18/1953,Environmental Tech,sbutler3a@latimes.com,pERUuEb5,,,americanexpress,374288432703998,1/8/2016,
jbradley3b,Juan Bradley,6 Carey Trail,Lieksa,,,358-(598)483-7140,Male,06/30/1975,Administrative Assistant II,jbradley3b@newyorker.com,4yAe1gK98m,,,mastercard,5471596245371964,11/2/2015,
tpeters3c,Terry Peters,245 Bay Circle,Puerto Parra,,,57-(952)223-2238,Male,12/28/1983,Software Consultant,tpeters3c@cloudflare.com,oxFrxCf4GWR,,,china-unionpay,56100888190519289,9/27/2015,
sspencer3d,Stephen Spencer,0 Merrick Avenue,Shilong,,,86-(398)372-9021,Male,05/18/1955,Database Administrator IV,sspencer3d@squidoo.com,TFqg0U,,,jcb,3550350343212830,6/14/2015,
apayne3e,Antonio Payne,2651 Northview Plaza,Wotho,,,692-(837)138-3437,Male,11/28/1982,Accountant II,apayne3e@google.co.uk,zbadsK,,,americanexpress,372301861686576,1/14/2016,
barnold3f,Bonnie Arnold,06656 Sunnyside Terrace,San Pa Tong,,,66-(193)716-5767,Female,09/26/1968,Geological Engineer,barnold3f@constantcontact.com,qouP3q4jS,,,laser,6709266880676234861,3/5/2016,
mhenderson3g,Maria Henderson,1947 Ruskin Street,Ron Phibun,,,66-(316)733-4586,Female,10/26/1961,Quality Control Specialist,mhenderson3g@shareasale.com,Uq26QB6EO1r,,,mastercard,5100170787508547,4/30/2015,
jgibson3h,Jean Gibson,08 Bay Pass,Uppsala,C,757 59,46-(203)441-3507,Female,12/26/1950,Social Worker,jgibson3h@tripadvisor.com,8UiDghK,,,jcb,3565267906415605,3/14/2016,
maustin3i,Martha Austin,86990 Melby Terrace,Abobo,,,225-(325)445-0022,Female,09/14/1976,Nurse Practicioner,maustin3i@wisc.edu,N5mQbQRvPcJ,,,visa-electron,4917141785736550,6/12/2015,
howens3j,Heather Owens,42 Tomscot Way,Knoxville,TN,37995,1-(865)678-9351,Female,03/17/1967,Dental Hygienist,howens3j@sakura.ne.jp,RrW7bycX,,,jcb,3559277730551150,7/31/2015,
rcarroll3k,Roger Carroll,5 Troy Road,Lairoka,,,62-(840)417-8325,Male,09/02/1980,Computer Systems Analyst III,rcarroll3k@hibu.com,KDNMtIbkw,,,diners-club-enroute,201698647373099,3/2/2016,
asullivan3l,Adam Sullivan,8210 Dawn Circle,Lappi,,,358-(141)797-0110,Male,04/16/1995,Pharmacist,asullivan3l@theguardian.com,VRfqJ6Kv,,,china-unionpay,56022284529159465,5/29/2015,
afisher3m,Aaron Fisher,434 Monica Trail,Phanna Nikhom,,,66-(581)629-3883,Male,04/04/1963,Recruiter,afisher3m@photobucket.com,IcafjWSLN2bc,,,americanexpress,337941321932898,6/4/2015,
jchapman3n,Jack Chapman,9588 Division Center,Pawonków,,,48-(879)473-5645,Male,04/24/1977,Payment Adjustment Coordinator,jchapman3n@woothemes.com,TiNNGRP,,,bankcard,5602234111011470,8/31/2015,
sbishop3o,Sara Bishop,95832 Chive Junction,Beberon,,,63-(718)782-7048,Female,10/17/1975,Office Assistant I,sbishop3o@marketwatch.com,eCU2MGEq2bS,,,instapayment,6394806099144454,1/21/2016,
jfox3p,Janet Fox,0706 Maryland Crossing,Mazańcowice,,,48-(738)295-2382,Female,08/31/1962,Help Desk Technician,jfox3p@time.com,BLihOraYWhGp,,,instapayment,6381610126986654,6/20/2015,
apayne3q,Andrew Payne,55552 Thompson Junction,Sātkhira,,,880-(313)574-3326,Male,03/19/1963,Food Chemist,apayne3q@cafepress.com,oZA8Xl,,,maestro,5893980026101651,11/10/2015,
hrogers3r,Howard Rogers,4652 Straubel Street,Pumai,,,62-(315)361-0229,Male,12/23/1991,Operator,hrogers3r@php.net,iaYtAh6,,,jcb,3576792172914608,10/2/2015,
llynch3s,Laura Lynch,7 Waxwing Park,Kujang-ŭp,,,850-(144)436-4960,Female,03/15/1953,Environmental Specialist,llynch3s@aol.com,iCoE8g3mzSB,,,mastercard,5002359661979838,11/19/2015,
jmurphy3t,Jean Murphy,36 Milwaukee Lane,Kolor,,,62-(435)192-0980,Female,02/02/1962,Paralegal,jmurphy3t@themeforest.net,oyG3xGBGt,,,bankcard,5602212353926043,11/18/2015,
dgrant3u,Dorothy Grant,6 Summer Ridge Street,Không,,,856-(786)278-3476,Female,03/02/1971,Editor,dgrant3u@last.fm,wdUy7Y1Wlaw,,,jcb,3569382987172755,6/19/2015,
tdixon3v,Thomas Dixon,33989 Burrows Junction,Eṭ Ṭaiyiba,,,972-(278)248-6079,Male,09/13/1991,Senior Cost Accountant,tdixon3v@yellowbook.com,YOxVe50lc2r9,,,diners-club-enroute,201423300827178,8/6/2015,
khart3w,Katherine Hart,29 Toban Court,Dunaújváros,FE,2404,36-(329)899-2219,Female,10/17/1948,Recruiting Manager,khart3w@wp.com,2FVZnrGO4q5,,,instapayment,6392373941635629,8/30/2015,
ahoward3x,Angela Howard,0 Susan Plaza,Roskoshnyy,,,380-(468)503-7205,Female,01/12/1993,Cost Accountant,ahoward3x@miibeian.gov.cn,C1NkQXr,,,jcb,3537016644760474,2/25/2016,
lcarter3y,Lisa Carter,8726 Bluestem Alley,San Miguel,MEX,51690,52-(410)148-9730,Female,06/27/1962,Senior Editor,lcarter3y@51.la,uFjE4S,,,jcb,3572793714208651,6/21/2015,
fross3z,Fred Ross,95 Packers Pass,Lafia,,,234-(961)783-1278,Male,03/06/1998,Senior Quality Engineer,fross3z@wordpress.com,JsN32MWf,,,jcb,3539717388940713,12/14/2015,
kjenkins40,Kathy Jenkins,073 Packers Crossing,Komprachcice,,,48-(105)465-5526,Female,11/16/1955,Analyst Programmer,kjenkins40@parallels.com,Tlullsgei,,,jcb,3553803616094126,5/18/2015,
ghunter41,Gloria Hunter,973 Linden Junction,Rosh Pinna,,,972-(997)668-4641,Female,08/29/1949,Pharmacist,ghunter41@ox.ac.uk,vUhp1Ir9W,,,maestro,67620833751527014,1/7/2016,
jgonzalez42,Jason Gonzalez,874 Iowa Crossing,Przemków,,,48-(891)619-3004,Male,03/12/1982,Marketing Assistant,jgonzalez42@about.com,wwD2I9JN,,,jcb,3539187308148674,6/4/2015,
cprice43,Carlos Price,3 Loeprich Circle,Erdaocha,,,86-(153)118-2360,Male,07/13/1978,Automation Specialist II,cprice43@cnbc.com,2WOSpYTjAb2,,,diners-club-enroute,201643570990873,11/10/2015,
kwheeler44,Kathryn Wheeler,277 Meadow Ridge Alley,Singabarong,,,62-(951)543-3191,Female,10/28/1971,Food Chemist,kwheeler44@meetup.com,D6EOvaRG2x1,,,jcb,3550628519759530,1/14/2016,
ireed45,Irene Reed,96 Schmedeman Way,Najin,,,850-(468)834-1574,Female,01/09/1997,VP Sales,ireed45@mapy.cz,YmG3Mp98b,,,jcb,3551100073809472,12/8/2015,
ethomas46,Eric Thomas,8238 Carpenter Plaza,Kiten,,,359-(692)546-4045,Male,05/21/1953,Software Consultant,ethomas46@google.cn,oarYJd,,,diners-club-carte-blanche,30503123594092,9/5/2015,
ahunter47,Annie Hunter,07087 Comanche Street,Svetlograd,,,7-(768)590-8743,Female,10/14/1996,Account Representative III,ahunter47@acquirethisname.com,fiYTs74i,,,mastercard,5304889749773428,4/20/2016,
bkelly48,Brandon Kelly,9 Scofield Alley,Alta Gracia,,,54-(390)286-2099,Male,10/21/1956,Senior Editor,bkelly48@ask.com,4EmtspfHK,,,jcb,3531993141307106,7/31/2015,
janderson49,Jennifer Anderson,57311 Riverside Park,Moreno,,,55-(202)439-3209,Female,09/25/1971,Product Engineer,janderson49@amazon.co.jp,iCTfAxwSKh,,,maestro,6763641462523270,9/30/2015,
ecox4a,Earl Cox,84394 Westridge Avenue,Strančice,,,420-(356)370-6947,Male,05/29/1952,Speech Pathologist,ecox4a@businessweek.com,s0lYOdg,,,mastercard,5100148957669455,5/27/2015,
lbailey4b,Louis Bailey,149 Cardinal Terrace,Stanisław Górny,,,48-(512)961-0339,Male,01/11/1962,Payment Adjustment Coordinator,lbailey4b@redcross.org,ZNS5SU,,,maestro,06042951611581100,2/23/2016,
bmoreno4c,Bonnie Moreno,776 Birchwood Road,Shangchewan,,,86-(885)291-4175,Female,12/01/1967,Internal Auditor,bmoreno4c@ow.ly,01rXzqG8,,,jcb,3554822097088885,1/8/2016,
pmccoy4d,Patrick Mccoy,974 Fuller Drive,Kyosai,,,82-(357)827-2142,Male,03/18/1952,Senior Quality Engineer,pmccoy4d@github.com,Okdd1eQA,,,jcb,3571236710640320,11/11/2015,
jrice4e,Jason Rice,1 Novick Place,Nggalak,,,62-(277)955-4421,Male,12/05/1962,Help Desk Technician,jrice4e@infoseek.co.jp,pcWB9x7I,,,jcb,3587826519015427,4/2/2016,
bchavez4f,Betty Chavez,3 Erie Place,Gijon,AS,33209,34-(735)847-3748,Female,05/14/1958,Professor,bchavez4f@adobe.com,gZLYGD6,,,jcb,3563884517562336,1/14/2016,
rfernandez4g,Rose Fernandez,34 Acker Pass,Yuanquan,,,86-(523)255-0022,Female,05/23/1986,Administrative Officer,rfernandez4g@utexas.edu,XgEofakJEO7,,,mastercard,5048371915284861,10/19/2015,
snelson4h,Scott Nelson,23 Packers Junction,Zhamao,,,86-(821)167-4150,Male,12/27/1974,Structural Engineer,snelson4h@ustream.tv,oah54WS,,,jcb,3557058113630064,1/28/2016,
rallen4i,Ruth Allen,9089 Goodland Court,Tisul’,,,7-(983)666-7175,Female,03/15/1995,Quality Engineer,rallen4i@php.net,zpW28xcT,,,switch,633327817892551731,3/6/2016,
mramos4j,Maria Ramos,7 Graceland Crossing,Strömsund,Z,833 34,46-(500)502-3523,Female,04/10/1973,VP Quality Control,mramos4j@ed.gov,k3EJjP,,,americanexpress,374622489847722,1/8/2016,
ecoleman4k,Eric Coleman,018 Milwaukee Hill,Enewetak,,,692-(513)170-7615,Male,10/11/1962,General Manager,ecoleman4k@sfgate.com,JhlF0Z5HSb,,,jcb,3549404759162510,6/11/2015,
ewoods4l,Evelyn Woods,156 Mccormick Avenue,Urrao,,,57-(204)458-2713,Female,12/20/1984,Statistician III,ewoods4l@eventbrite.com,t4MOi8GfVCq,,,jcb,3536427703450371,11/8/2015,
gcampbell4m,Gregory Campbell,910 Butternut Crossing,Gaotian,,,86-(702)868-7317,Male,12/17/1960,VP Product Management,gcampbell4m@google.com,kL8VwJcjRCM,,,visa,4017958944527763,2/1/2016,
pwallace4n,Phillip Wallace,203 Scoville Point,Monaragala,,,94-(367)868-4980,Male,04/07/1988,Software Test Engineer I,pwallace4n@edublogs.org,AR1AHoTg,,,jcb,3578774516328842,6/14/2015,
drivera4o,Douglas Rivera,66859 Mallard Parkway,Yasugichō,,,81-(636)575-1174,Male,11/15/1982,Budget/Accounting Analyst III,drivera4o@acquirethisname.com,iJsYwh,,,jcb,3534304043758924,10/18/2015,
dmatthews4p,Debra Matthews,05 Brentwood Terrace,Jindu,,,86-(845)860-5792,Female,07/15/1973,Senior Sales Associate,dmatthews4p@123-reg.co.uk,RWa7i8FO,,,jcb,3555532153410449,10/14/2015,
bvasquez4q,Barbara Vasquez,27909 Cody Parkway,Faranah,,,224-(499)233-4598,Female,04/01/1966,Assistant Media Planner,bvasquez4q@skype.com,JT4r3imsI,,,mastercard,5010120057456439,7/23/2015,
nhenry4r,Nicole Henry,1119 Main Junction,Kilju,,,850-(430)585-4763,Female,08/27/1980,Product Engineer,nhenry4r@topsy.com,8Gf3d9d,,,jcb,3554329559829194,12/8/2015,
sprice4s,Stephen Price,5 Crescent Oaks Avenue,San Pedro,MEX,52140,52-(755)408-5427,Male,01/09/1954,Computer Systems Analyst I,sprice4s@marketwatch.com,RA1KvIpM,,,jcb,3544378994245592,3/22/2016,
lalexander4t,Lawrence Alexander,877 Old Gate Terrace,Bicesse,11,2645-168,351-(327)865-3583,Male,03/10/1955,Staff Scientist,lalexander4t@plala.or.jp,EB3PX7AZ6n,,,diners-club-carte-blanche,30565606446801,5/29/2015,
jhughes4u,Jason Hughes,2 Cody Street,Stýpsi,,,30-(619)353-5829,Male,01/25/1951,Pharmacist,jhughes4u@about.com,wY3oHNCr,,,jcb,3569040723554997,6/22/2015,
psnyder4v,Peter Snyder,41 Graedel Place,Dollard-Des Ormeaux,QC,,1-(732)893-4076,Male,08/03/1979,Quality Control Specialist,psnyder4v@discuz.net,BxFAo1UNf,,,jcb,3584906268414089,5/22/2015,
lgreene4w,Lois Greene,31963 Thackeray Point,Mambalan,,,62-(288)829-2291,Female,09/02/1946,VP Accounting,lgreene4w@trellian.com,3TVtCY7ZAWG,,,americanexpress,374283480127026,9/13/2015,
mhudson4x,Michelle Hudson,072 6th Crossing,Chakari,,,263-(563)480-0647,Female,08/16/1985,Compensation Analyst,mhudson4x@ifeng.com,UXb1QjJ,,,instapayment,6391434569087377,2/27/2016,
dhunt4y,David Hunt,6934 Larry Lane,Sinilian First,,,63-(751)560-5145,Male,03/23/1957,VP Sales,dhunt4y@issuu.com,nfo94R,,,jcb,3553181051827049,1/13/2016,
nduncan4z,Norma Duncan,19 Bartelt Avenue,Savitaipale,,,358-(914)743-6243,Female,05/05/1976,Chief Design Engineer,nduncan4z@slashdot.org,mHDdecQSQe,,,bankcard,5602256256286344,8/3/2015,
tgilbert50,Timothy Gilbert,4 Green Ridge Drive,Seixas,06,3405-400,351-(476)699-2723,Male,06/20/1976,Research Assistant III,tgilbert50@dyndns.org,IP0WtLX,,,jcb,3579475582994769,12/13/2015,
canderson51,Cynthia Anderson,3 3rd Terrace,Qızılhacılı,,,994-(842)764-6078,Female,01/17/1965,Software Engineer III,canderson51@sciencedaily.com,ZiBQxwltYWbG,,,jcb,3588675045939785,5/31/2015,
tcollins52,Tina Collins,88205 Mcbride Junction,Mouzáki,,,30-(422)319-2385,Female,06/13/1968,Junior Executive,tcollins52@hc360.com,YBlkgDCJpC2y,,,maestro,67594422677457571,9/19/2015,
jbennett53,Joe Bennett,5 Bunker Hill Road,São Paio Merelim,03,4700-837,351-(994)602-4010,Male,05/18/1963,Paralegal,jbennett53@51.la,qUWyhyf,,,maestro,63043463763120158,9/13/2015,
tbrooks54,Terry Brooks,07418 7th Hill,Yangcun,,,86-(737)832-4053,Male,06/26/1991,Staff Accountant II,tbrooks54@mapquest.com,WmhBGY,,,jcb,3550512121733713,12/28/2015,
ppalmer55,Phillip Palmer,92 Hanson Pass,Hekou,,,86-(684)356-2392,Male,08/20/1959,Structural Analysis Engineer,ppalmer55@hao123.com,SE1chX4,,,visa,4041590962824598,8/17/2015,
sgibson56,Steve Gibson,21 International Crossing,Cigadog,,,62-(285)363-1310,Male,10/04/1965,Speech Pathologist,sgibson56@smugmug.com,gHf6mvIcBh,,,jcb,3577580771650650,8/2/2015,
rdean57,Robert Dean,11 David Crossing,Bashtanka,,,380-(966)912-0433,Male,07/27/1974,Design Engineer,rdean57@squidoo.com,U7vqEgEF,,,americanexpress,374283771340189,2/14/2016,
pbishop58,Philip Bishop,20 Sherman Hill,Emiliano Zapata,MEX,51355,52-(499)966-6018,Male,12/14/1978,Editor,pbishop58@hud.gov,cxWOFMMijUY,,,diners-club-us-ca,5565075136955430,4/20/2016,
jbanks59,Joyce Banks,39 Mockingbird Street,Mölndal,O,431 49,46-(929)616-1655,Female,12/05/1948,Environmental Specialist,jbanks59@webs.com,HkPn1VygqEsx,,,americanexpress,337941477566375,2/24/2016,
ddean5a,Diane Dean,911 Thierer Road,Minneapolis,MN,55480,1-(612)928-5875,Female,05/01/1966,Paralegal,ddean5a@delicious.com,FQ1ivpXa4R,,,jcb,3543262549655904,12/7/2015,
pdean5b,Paula Dean,10429 Scofield Trail,Krasnokamensk,,,7-(625)124-4279,Female,03/24/1979,Engineer III,pdean5b@baidu.com,8V1RSh1mE,,,jcb,3546911954606946,3/28/2016,
mgutierrez5c,Melissa Gutierrez,07796 Sunfield Court,Gastoúni,,,30-(570)631-1534,Female,10/31/1971,Occupational Therapist,mgutierrez5c@about.me,wEvi5KwhQg,,,jcb,3580996918188401,4/12/2016,
kgeorge5d,Kelly George,96418 Parkside Junction,Libertador General San Martín,,,54-(118)601-0916,Female,04/15/1996,Software Test Engineer III,kgeorge5d@sogou.com,Vwk42X,,,bankcard,5602230401372309,9/4/2015,
lalexander5e,Larry Alexander,21036 Nova Trail,Haapajärvi,,,358-(491)680-7803,Male,05/04/1946,Nuclear Power Engineer,lalexander5e@people.com.cn,opyBnub,,,bankcard,5602244693869245,5/2/2015,
gwood5f,Gary Wood,390 Waywood Trail,Piranshahr,,,98-(747)236-3933,Male,05/16/1946,Biostatistician III,gwood5f@usgs.gov,pdNNAJ,,,americanexpress,372301310608247,6/11/2015,
rstephens5g,Ruth Stephens,09114 Mccormick Center,Yipeng,,,86-(258)915-0686,Female,10/12/1951,Electrical Engineer,rstephens5g@hhs.gov,KFvIdccA,,,instapayment,6393068541500459,1/1/2016,
llarson5h,Lois Larson,1263 Chinook Alley,Newport,,,599-(263)262-9231,Female,05/08/1987,Legal Assistant,llarson5h@163.com,ScVTgQ74zko,,,laser,6709895455847230426,7/11/2015,
eperry5i,Elizabeth Perry,77006 Stang Street,Saintes,B7,17104 CEDEX,33-(850)625-6314,Female,08/22/1975,VP Quality Control,eperry5i@stanford.edu,7R3MCmwXQP4,,,jcb,3559229818237491,9/10/2015,
tsnyder5j,Terry Snyder,25895 4th Alley,Mazeikiai,,,370-(625)216-5137,Male,05/30/1971,Occupational Therapist,tsnyder5j@prlog.org,fpxf0GTRDIQ,,,jcb,3548484747950870,6/4/2015,
