userID,name,address,city,state,zip,phoneNumber,gender,birthday,expertise,email,password,securityQuestion,securityAnswer,paymentOption,paymentInfo,dateEnrolled,subscriptionStatus
hphillips0,Harold Phillips,084 Tennessee Junction,Lope de Vega,,,63-(809)988-6729,Male,12/30/1947,VP Sales,hphillips0@reddit.com,vqoi0vKGpG,,,diners-club-enroute,201491369506231,4/9/2016,
vanderson1,Victor Anderson,5435 New Castle Court,Dukuh,,,62-(221)918-6490,Male,08/14/1983,Nurse,vanderson1@mediafire.com,1QudDHYQo,,,diners-club-enroute,201905467918261,11/2/2015,
tfox2,Terry Fox,7 Heath Lane,Kamenický Šenov,,,420-(294)169-2338,Male,08/23/1946,Geological Engineer,tfox2@bigcartel.com,BRPMHrJRr,,,mastercard,5108757946967242,10/22/2015,
dholmes3,David Holmes,7292 Morningstar Point,Rosso,,,221-(137)491-0203,Male,04/14/1996,Quality Control Specialist,dholmes3@pagesperso-orange.fr,Upn6QB,,,diners-club-enroute,201814951980805,12/11/2015,
kstone4,Kimberly Stone,12397 Roxbury Road,Cordova,,,63-(240)514-0104,Female,06/29/1958,Structural Engineer,kstone4@vinaora.com,Vxdmhr1O,,,jcb,3530616716023623,5/2/2015,
edixon5,Edward Dixon,0 Sunbrook Lane,Xishan,,,86-(171)645-6209,Male,12/31/1954,Environmental Specialist,edixon5@msu.edu,j8bP0g5tH0b,,,bankcard,5602236943815606,12/31/2015,
kblack6,Kenneth Black,0 Harper Crossing,Muliang,,,86-(544)555-4695,Male,03/22/1977,Engineer II,kblack6@google.com.br,Rj3VS3K2heFO,,,jcb,3549431826909193,11/12/2015,
nbell7,Nicholas Bell,4 Marcy Park,Johanneshov,AB,121 12,46-(690)427-1734,Male,11/08/1957,Operator,nbell7@earthlink.net,Erq9i1X,,,jcb,3528982892123486,11/25/2015,
mclark8,Mildred Clark,806 Canary Pass,Virden,MB,,1-(991)293-2708,Female,05/02/1989,Accountant I,mclark8@amazon.co.uk,BfIUjdEeD5,,,maestro,67617497112192028,10/13/2015,
speters9,Stephanie Peters,4 Clove Parkway,Mardzad,,,976-(671)178-3949,Female,08/09/1973,Research Assistant IV,speters9@live.com,etKpQflv,,,americanexpress,372301706427202,5/17/2015,
mhawkinsa,Melissa Hawkins,95 Hudson Alley,Meixian,,,86-(312)912-4920,Female,09/25/1964,Marketing Manager,mhawkinsa@howstuffworks.com,JAGTtyrJ9,,,americanexpress,337941971628176,1/16/2016,
blopezb,Benjamin Lopez,06 Acker Street,Svetogorsk,,,7-(558)550-6267,Male,02/04/1984,Cost Accountant,blopezb@studiopress.com,06gMYwITjQIG,,,jcb,3551080096015275,4/11/2016,
acrawfordc,Antonio Crawford,756 Almo Circle,Mrkonjić Grad,,,387-(345)951-4829,Male,12/15/1985,Professor,acrawfordc@nih.gov,kaTZUX93fyD,,,jcb,3548196793744342,3/28/2016,
ajordand,Arthur Jordan,86519 5th Plaza,Līkak,,,98-(481)817-6037,Male,11/18/1973,Help Desk Operator,ajordand@ftc.gov,4oRYexCu6,,,maestro,675925399015975508,12/26/2015,
sryane,Sarah Ryan,487 Fordem Place,Patarrá,,,506-(374)878-9659,Female,05/29/1956,Electrical Engineer,sryane@google.es,JmArbLWj2t8s,,,diners-club-carte-blanche,30382370717049,11/30/2015,
cgutierrezf,Cheryl Gutierrez,946 Miller Hill,Kedungasem,,,62-(198)883-2500,Female,12/08/1996,Pharmacist,cgutierrezf@google.de,McLppitmX,,,visa-electron,4175009357992785,12/17/2015,
jfisherg,Jeffrey Fisher,35 Logan Way,Georgetown,,,220-(741)489-7735,Male,03/31/1984,Analog Circuit Design manager,jfisherg@dailymail.co.uk,vn4aaN4cpf,,,maestro,6763634349090373,9/28/2015,
jwatsonh,Janet Watson,348 Lakewood Drive,Rozhdestveno,,,7-(453)224-0867,Female,12/10/1963,Database Administrator III,jwatsonh@soup.io,vRzvhfu,,,visa-electron,4913024811731098,9/26/2015,
kbaileyi,Kathryn Bailey,72765 Walton Parkway,São João da Barra,,,55-(668)592-5590,Female,08/31/1965,Occupational Therapist,kbaileyi@mayoclinic.com,lUxoXjaJ,,,mastercard,5100143948072455,9/25/2015,
jbanksj,Jimmy Banks,1575 Summer Ridge Trail,Doubrava,,,420-(119)204-2025,Male,10/11/1964,Teacher,jbanksj@sohu.com,UZ1CnuTM7,,,jcb,3568779857602137,9/19/2015,
schavezk,Steven Chavez,3 Moulton Place,Kalāt-e Nāderī,,,98-(461)623-8251,Male,09/01/1997,Senior Quality Engineer,schavezk@dyndns.org,h0OeP1VY3,,,jcb,3566374222096587,1/19/2016,
bpetersonl,Beverly Peterson,98568 Farmco Lane,Al Hilāliyya,,,249-(923)706-5595,Female,12/19/1951,Recruiting Manager,bpetersonl@skype.com,67Cgs4MFdTh,,,mastercard,5595069890150837,7/1/2015,
mkennedym,Mary Kennedy,874 Briar Crest Road,Helmsange,,,352-(455)686-0465,Female,11/09/1985,Associate Professor,mkennedym@deviantart.com,CnjGGoHSxEGt,,,jcb,3535329311710926,3/12/2016,
bchavezn,Benjamin Chavez,6 Hooker Lane,Malumfashi,,,234-(761)753-6925,Male,05/11/1965,Office Assistant II,bchavezn@independent.co.uk,uVJOMcRMdiF,,,switch,564182669066534402,10/31/2015,
jharveyo,Janet Harvey,3 Autumn Leaf Lane,Opi,,,234-(236)893-4962,Female,04/25/1955,Quality Control Specialist,jharveyo@gmpg.org,wL1i5wRA,,,jcb,3545940877636459,9/4/2015,
dhawkinsp,David Hawkins,75665 Elmside Street,Rennes,A2,35087 CEDEX,33-(198)840-7590,Male,12/23/1974,Financial Advisor,dhawkinsp@sciencedaily.com,QPgCrL6u8iW,,,jcb,3540219927206133,11/17/2015,
spierceq,Stephanie Pierce,3871 Emmet Parkway,Suslonger,,,7-(735)481-0674,Female,05/27/1985,Programmer Analyst II,spierceq@meetup.com,H8sXwU,,,bankcard,5602246827922584,8/20/2015,
tpetersr,Todd Peters,624 Gulseth Center,Subic,,,63-(312)692-3229,Male,09/10/1995,Clinical Specialist,tpetersr@odnoklassniki.ru,n69T1Ri,,,jcb,3589509223818777,10/18/2015,
jreyess,Janice Reyes,46 Sutherland Street,Xinpu,,,86-(647)900-1167,Female,08/04/1973,VP Marketing,jreyess@sina.com.cn,ysyvQe9n7BLN,,,switch,633308363004190699,10/17/2015,
nmartint,Nancy Martin,34 Ryan Avenue,Eger,HE,3304,36-(933)177-3157,Female,12/13/1959,Help Desk Technician,nmartint@cbslocal.com,Fisbftx0bJV,,,jcb,3563065167911268,11/16/2015,
cmurrayu,Clarence Murray,6 Tennessee Point,Cuntan,,,86-(739)720-2502,Male,09/19/1958,Associate Professor,cmurrayu@shop-pro.jp,cQloDapw,,,jcb,3572924363900682,5/12/2015,
fcooperv,Frances Cooper,73771 Browning Lane,Ishqoshim,,,992-(312)730-2120,Female,08/22/1953,Recruiter,fcooperv@163.com,Mfh8A88THjtf,,,mastercard,5419801407881049,6/1/2015,
drobinsonw,Debra Robinson,2 Packers Drive,Aleshtar,,,98-(471)676-4684,Female,08/27/1953,Civil Engineer,drobinsonw@nbcnews.com,oACJUX,,,instapayment,6387172851996055,4/19/2016,
rlopezx,Raymond Lopez,24461 Crownhardt Plaza,Taipingying,,,86-(987)167-8998,Male,11/08/1982,Human Resources Manager,rlopezx@prlog.org,Jl0YdY,,,americanexpress,374283389069964,7/24/2015,
asanchezy,Amanda Sanchez,12 Colorado Junction,Ibadan,,,234-(994)658-6767,Female,11/27/1947,Payment Adjustment Coordinator,asanchezy@newyorker.com,4eIa4Rn,,,jcb,3549622534462844,11/25/2015,
hreyesz,Heather Reyes,8 John Wall Hill,Yuzui,,,86-(158)122-7041,Female,03/05/1963,Account Executive,hreyesz@forbes.com,YNlb3B,,,americanexpress,341709952835571,1/11/2016,
rmarshall10,Rose Marshall,71 Sloan Terrace,Primorskiy,,,7-(843)273-0253,Female,07/29/1987,Assistant Manager,rmarshall10@rambler.ru,GgL90YM,,,americanexpress,343920007141935,11/25/2015,
bmoreno11,Benjamin Moreno,1443 Crest Line Parkway,Vilarinho,06,3200-399,351-(801)540-9811,Male,12/17/1987,Technical Writer,bmoreno11@usda.gov,5RzFO6faXzzD,,,jcb,3559665192511052,6/9/2015,
dbailey12,Debra Bailey,6 Magdeline Parkway,Frei Paulo,,,55-(497)840-6713,Female,12/14/1949,Marketing Assistant,dbailey12@miitbeian.gov.cn,VDp4jDDJtc,,,jcb,3567036975160105,10/17/2015,
rmorrison13,Rose Morrison,97091 Straubel Terrace,Jinhu,,,86-(849)655-5075,Female,03/06/1961,Food Chemist,rmorrison13@xing.com,qkwn70,,,jcb,3563456382678438,1/27/2016,
fbailey14,Fred Bailey,8 Lyons Avenue,Kičevo,,,389-(821)516-7462,Male,05/12/1989,Graphic Designer,fbailey14@wordpress.com,LkLxaEOcNQJ,,,bankcard,5602236522788299,11/28/2015,
nwilliams15,Nicholas Williams,79 Corben Point,Usogorsk,,,7-(633)607-7971,Male,05/26/1968,Health Coach IV,nwilliams15@usgs.gov,TbDXT5,,,instapayment,6385149580013768,7/22/2015,
shenry16,Sarah Henry,58 Annamark Trail,Obigarm,,,992-(113)182-8326,Female,05/15/1984,Systems Administrator II,shenry16@abc.net.au,3kpHQn,,,jcb,3583535119853053,6/8/2015,
klee17,Kathleen Lee,499 Hallows Junction,Krzyżanowice,,,48-(105)631-8279,Female,06/24/1995,Associate Professor,klee17@example.com,nrjLOC4rPk,,,diners-club-enroute,201772681592557,11/9/2015,
kmurphy18,Kathleen Murphy,479 Warrior Place,İsmayıllı,,,994-(863)346-6079,Female,03/13/1955,Marketing Manager,kmurphy18@pbs.org,nggrty,,,mastercard,5100178241942921,10/25/2015,
rmartinez19,Rachel Martinez,2452 Ronald Regan Center,Beichan,,,86-(748)898-1990,Female,11/06/1954,Tax Accountant,rmartinez19@facebook.com,OM7bEt5,,,solo,6767025827917029,2/29/2016,
kcole1a,Kevin Cole,2301 Londonderry Park,Baoji,,,86-(987)553-0023,Male,04/30/1983,Analog Circuit Design manager,kcole1a@free.fr,FsdTKwx,,,visa-electron,4405891185606576,11/19/2015,
vaustin1b,Virginia Austin,5 Muir Way,München,BY,80337,49-(731)658-9788,Female,10/18/1966,Administrative Officer,vaustin1b@privacy.gov.au,vkyx8bD,,,switch,6333742030226454055,1/6/2016,
rbrown1c,Roy Brown,59823 Clyde Gallagher Road,Novalja,,,385-(537)909-5845,Male,03/30/1962,Staff Scientist,rbrown1c@mysql.com,sVG81I,,,diners-club-carte-blanche,30302192799355,12/31/2015,
jrivera1d,Jeremy Rivera,020 Jenna Street,San Salvador,,,503-(803)362-0009,Male,04/05/1980,Geologist II,jrivera1d@ehow.com,3XjQzKW,,,maestro,503804667179644163,3/2/2016,
jferguson1e,Janice Ferguson,8212 Arrowood Plaza,Wucun,,,86-(369)219-4987,Female,02/12/1964,Assistant Media Planner,jferguson1e@google.nl,pHdxBsr19YBJ,,,jcb,3575486941945081,9/1/2015,
awatson1f,Ashley Watson,292 Arapahoe Street,Jiujie,,,86-(837)746-6659,Female,01/08/1995,Senior Editor,awatson1f@nih.gov,tjyHrpdBmbuY,,,jcb,3568245615662896,6/15/2015,
ewhite1g,Ernest White,22 Riverside Hill,Xishan,,,86-(891)846-9099,Male,04/02/1956,VP Marketing,ewhite1g@businessweek.com,9rKGDEr,,,mastercard,5100174888088524,7/1/2015,
dschmidt1h,Donna Schmidt,56 Russell Lane,Bilüü,,,976-(781)245-7445,Female,03/16/1961,Budget/Accounting Analyst II,dschmidt1h@sourceforge.net,AOiyxMYCBOO8,,,jcb,3574529223809169,7/14/2015,
rharvey1i,Raymond Harvey,3 Ludington Trail,Bhamo,,,95-(216)891-8404,Male,07/10/1946,Safety Technician II,rharvey1i@fastcompany.com,mlL0nQ,,,jcb,3570156363626924,6/23/2015,
mbrown1j,Michelle Brown,72727 Mcbride Point,Castle Bruce,,,1-(664)535-2901,Female,11/25/1956,Professor,mbrown1j@bluehost.com,0oUcvDASoa,,,maestro,6759809421855462681,3/5/2016,
jlynch1k,Juan Lynch,58156 Talmadge Plaza,Besuki Dua,,,62-(877)442-0964,Male,03/18/1963,Environmental Tech,jlynch1k@google.pl,bak1APA9,,,jcb,3547303562242919,7/21/2015,
bwilliams1l,Brian Williams,45 Merrick Center,Solec-Zdrój,,,48-(858)220-0067,Male,03/27/1986,Administrative Officer,bwilliams1l@oaic.gov.au,rzRzO3Lm7w6,,,bankcard,5602214292132915,5/1/2015,
rkennedy1m,Richard Kennedy,13775 Katie Road,Maulawin,,,63-(282)787-0587,Male,05/19/1990,Recruiting Manager,rkennedy1m@cisco.com,4OTgga7Fs2u,,,visa-electron,4175004030257292,2/24/2016,
bwillis1n,Billy Willis,0012 Graceland Court,Marisol,15,2855-174,351-(164)625-7193,Male,01/22/1947,Office Assistant II,bwillis1n@taobao.com,an4orv14FB,,,maestro,67590476400349434,9/17/2015,
rlee1o,Robin Lee,38462 Bay Park,Duraznopampa,,,51-(107)728-8442,Female,10/18/1990,Paralegal,rlee1o@biblegateway.com,iIzyW3,,,visa,4017958691703914,10/22/2015,
jcole1p,Joan Cole,7614 Crest Line Alley,Seremban,NSN,71770,60-(558)593-4909,Female,01/29/1992,Desktop Support Technician,jcole1p@msu.edu,vh7lPb,,,mastercard,5100144100414915,10/15/2015,
swarren1q,Sarah Warren,06485 Nevada Pass,Dacudao,,,63-(292)497-8173,Female,10/01/1970,Director of Sales,swarren1q@list-manage.com,f8NPzl3krCBy,,,diners-club-carte-blanche,30214570743410,2/4/2016,
drice1r,Dennis Rice,56 Garrison Trail,Hongdu,,,86-(730)207-5009,Male,10/12/1997,VP Quality Control,drice1r@google.com.au,ngi0EH8Y,,,laser,67717568972019276,2/6/2016,
whunter1s,Walter Hunter,13 Meadow Ridge Way,Dingbu,,,86-(595)528-6058,Male,08/01/1981,Payment Adjustment Coordinator,whunter1s@eventbrite.com,ZnutaBinVv,,,jcb,3571124453706997,3/21/2016,
jhowell1t,Johnny Howell,72052 Upham Crossing,Gaoyang,,,86-(583)202-7458,Male,05/21/1972,Senior Cost Accountant,jhowell1t@sitemeter.com,qdw1Er9dlJ,,,china-unionpay,5602237285732201,8/15/2015,
cdunn1u,Christina Dunn,51 Eagle Crest Circle,Mora,W,792 52,46-(643)550-0224,Female,11/26/1972,Food Chemist,cdunn1u@ihg.com,KoowrUzBWT,,,maestro,675986043735206846,1/25/2016,
dmorrison1v,Debra Morrison,3 Mitchell Place,Virolahti,,,358-(976)916-1006,Female,06/04/1963,GIS Technical Architect,dmorrison1v@wordpress.org,ldUDWQQq,,,visa-electron,4917600810527102,9/6/2015,
jgeorge1w,Judy George,434 Nobel Parkway,Novyy Uoyan,,,7-(193)751-5437,Female,06/09/1981,Registered Nurse,jgeorge1w@infoseek.co.jp,kJlQbWHZi,,,laser,6771934214371050,9/28/2015,
kburns1x,Kimberly Burns,85 Northland Road,Lang Suan,,,66-(985)402-9578,Female,03/28/1983,Actuary,kburns1x@ted.com,oVixFZe8oN,,,instapayment,6382578589735646,12/31/2015,
cmoore1y,Catherine Moore,77 Tomscot Avenue,Shiren,,,86-(189)753-5322,Female,02/12/1988,Marketing Manager,cmoore1y@shutterfly.com,cC2IIzy2eW,,,china-unionpay,5602249076141674,3/15/2016,
sjohnston1z,Steven Johnston,35548 8th Alley,Sebewe,,,62-(341)838-9345,Male,09/01/1964,Environmental Tech,sjohnston1z@google.it,BJwGKJsAO,,,diners-club-enroute,201608451518358,10/21/2015,
rroberts20,Roy Roberts,8352 Garrison Junction,Doksy,,,420-(136)339-7594,Male,02/10/1956,Quality Engineer,rroberts20@prweb.com,uPrVofz2cbR,,,bankcard,5602241661631300,5/21/2015,
gblack21,Gary Black,6 Garrison Drive,Lazurne,,,380-(685)277-2444,Male,01/06/1987,Occupational Therapist,gblack21@t-online.de,QkhaNeamN,,,laser,67713969194214899,3/18/2016,
gwebb22,Gerald Webb,00 Green Court,Tegalrejo,,,62-(318)949-9312,Male,03/20/1952,Technical Writer,gwebb22@bloomberg.com,j4xoP9uAD7T,,,maestro,6304855904995532560,11/23/2015,
druiz23,Deborah Ruiz,5 Mesta Court,Nukuoro,,,691-(151)458-6351,Female,07/28/1977,Automation Specialist III,druiz23@ibm.com,KxFisQI8wr8,,,jcb,3551817145125948,6/28/2015,
sdavis24,Shawn Davis,0 Schurz Place,Rāiwind,,,92-(512)490-5771,Male,05/25/1951,Account Executive,sdavis24@etsy.com,5GwN8BnTE,,,americanexpress,374622900420489,11/16/2015,
tnichols25,Thomas Nichols,231 Boyd Place,Bankim,,,237-(601)702-6333,Male,04/07/1997,Administrative Assistant IV,tnichols25@tuttocitta.it,j50pONnm,,,switch,6331101826111927,1/4/2016,
lrichards26,Linda Richards,435 Northland Hill,Marseille,B8,13456 CEDEX 13,33-(948)787-8447,Female,03/13/1970,Senior Quality Engineer,lrichards26@webeden.co.uk,enivETl,,,instapayment,6394506717109083,8/22/2015,
bweaver27,Brandon Weaver,8 Vera Pass,General Alvear,,,54-(635)390-6638,Male,09/16/1965,Teacher,bweaver27@facebook.com,Q2FcrVZzzZ7R,,,switch,4903775780535768,2/21/2016,
lwillis28,Larry Willis,43 Dottie Hill,Liloy,,,63-(557)672-4714,Male,07/14/1966,Research Associate,lwillis28@fastcompany.com,n9Pw9VNhyUB,,,china-unionpay,5602224294703967569,8/3/2015,
hwarren29,Howard Warren,46 Kinsman Crossing,Embarcación,,,54-(970)910-0973,Male,09/30/1968,Dental Hygienist,hwarren29@mayoclinic.com,jYDhOg,,,jcb,3588793310704717,2/20/2016,
cfrazier2a,Carol Frazier,40 Basil Avenue,Hedian,,,86-(975)558-4356,Female,11/28/1992,Business Systems Development Analyst,cfrazier2a@unblog.fr,fBlEjE7L1,,,americanexpress,373626966742299,1/2/2016,
wwarren2b,William Warren,4228 Anhalt Lane,Namballe,,,51-(244)680-0532,Male,12/17/1956,General Manager,wwarren2b@soup.io,lyLvAP2r1n,,,jcb,3557282006644475,9/8/2015,
blarson2c,Betty Larson,4 Myrtle Park,Nghĩa Hành,,,84-(316)311-0413,Female,10/01/1972,Programmer II,blarson2c@hexun.com,TQJKtf6,,,instapayment,6398695986032534,10/23/2015,
nmeyer2d,Norma Meyer,72 Corben Lane,Sinarwangi,,,62-(663)650-4130,Female,12/22/1993,Structural Engineer,nmeyer2d@webnode.com,2Fa40fJgun,,,laser,67062630702186527,4/23/2016,
tgonzalez2e,Todd Gonzalez,6205 Johnson Road,Mólos,,,30-(159)857-4941,Male,06/14/1961,Help Desk Operator,tgonzalez2e@mapy.cz,aEQ3QjaA,,,jcb,3589235151027591,1/20/2016,
vhenderson2f,Virginia Henderson,27 Canary Circle,Diyarb Najm,,,20-(843)305-8651,Female,07/18/1968,Legal Assistant,vhenderson2f@flavors.me,hNyx0XL9W,,,jcb,3576572516313372,12/26/2015,
dgomez2g,Donald Gomez,730 Cody Parkway,Undurkhaan,,,976-(533)131-6117,Male,09/17/1960,Web Designer IV,dgomez2g@tinypic.com,Z5iLW698,,,bankcard,5610468130253198,7/25/2015,
smartin2h,Susan Martin,29713 Westridge Trail,Shangyang,,,86-(602)907-3216,Female,07/08/1988,Nurse,smartin2h@google.pl,OKFwR3Ln,,,maestro,67610559542913914,4/4/2016,
aharper2i,Adam Harper,49 Alpine Avenue,Subrag,,,86-(944)725-7542,Male,04/26/1994,Civil Engineer,aharper2i@furl.net,uT2ouG4vO0l,,,jcb,3564634890490228,9/6/2015,
akelley2j,Andrea Kelley,3 Arizona Drive,Polel Diaoubé,,,221-(589)507-3155,Female,10/30/1982,Nurse Practicioner,akelley2j@myspace.com,RyrVad,,,china-unionpay,56022140295674600,12/17/2015,
vbaker2k,Virginia Baker,74 Jana Terrace,Verkhnyaya Belka,,,380-(169)533-2995,Female,04/06/1967,Computer Systems Analyst IV,vbaker2k@booking.com,4MN4aOC,,,jcb,3564750778084428,8/7/2015,
phart2l,Paula Hart,560 Pankratz Point,Stuttgart Stuttgart-Mitte,BW,70180,49-(851)223-1503,Female,03/08/1976,Junior Executive,phart2l@sina.com.cn,x3oWM9rA70F,,,jcb,3529708762515306,7/18/2015,
cmorris2m,Carolyn Morris,6040 Roxbury Parkway,Spassk-Dal’niy,,,7-(881)493-2899,Female,06/27/1953,Software Engineer I,cmorris2m@oracle.com,MenDGR2v6EE,,,jcb,3555376832556978,11/6/2015,
alopez2n,Alan Lopez,21862 Namekagon Plaza,Saki,,,234-(327)830-7184,Male,06/30/1962,Food Chemist,alopez2n@de.vu,UJWhnNWaKO,,,mastercard,5514543185652523,12/9/2015,
jramirez2o,Justin Ramirez,37 Hoepker Hill,Gaotang,,,86-(363)285-3730,Male,02/24/1992,Staff Accountant III,jramirez2o@noaa.gov,TVLBq64dv,,,jcb,3531284870298975,9/19/2015,
jcook2p,Jeffrey Cook,29 Dapin Court,Varpaisjärvi,,,358-(841)639-1497,Male,08/05/1957,Research Assistant I,jcook2p@barnesandnoble.com,3gu6VK,,,switch,490501454028111082,1/16/2016,
pfrazier2q,Patricia Frazier,44793 Homewood Junction,Jakšić,,,385-(438)666-7287,Female,09/01/1955,Health Coach I,pfrazier2q@4shared.com,yr2heHBej,,,diners-club-carte-blanche,30352138262943,9/30/2015,
rrose2r,Roy Rose,9 Superior Alley,Suchy Dąb,,,48-(823)546-4412,Male,05/20/1990,Mechanical Systems Engineer,rrose2r@sbwire.com,HI9Cku3,,,jcb,3589874075051335,2/14/2016,
agibson2s,Alice Gibson,45 Muir Crossing,Pawa,,,63-(665)824-0644,Female,08/06/1984,Programmer Analyst I,agibson2s@nymag.com,x3S77ycXZDzz,,,jcb,3539915552551593,1/25/2016,
abanks2t,Alice Banks,23 Debra Plaza,Talmest,,,212-(220)948-9508,Female,08/07/1980,Mechanical Systems Engineer,abanks2t@uiuc.edu,YdFrsm457K,,,jcb,3584198580992196,3/11/2016,
spatterson2u,Shirley Patterson,28829 Oriole Parkway,Amparafaravola,,,261-(471)333-7986,Female,08/04/1961,Staff Accountant IV,spatterson2u@unicef.org,uh1Vv9rlq,,,laser,67062184712395579,2/2/2016,
mwarren2v,Martha Warren,186 Commercial Crossing,Bugembe,,,256-(549)861-4263,Female,05/20/1961,Nurse,mwarren2v@foxnews.com,kvB5S4jSY,,,mastercard,5007665459172484,3/31/2016,
lgutierrez2w,Lori Gutierrez,118 Sage Road,Sahavato,,,261-(585)129-5021,Female,11/16/1949,Analog Circuit Design manager,lgutierrez2w@yale.edu,jreQjyZTFVd,,,visa-electron,4175003547070719,10/6/2015,
sburns2x,Scott Burns,3256 Evergreen Point,Qizhen,,,86-(252)286-7416,Male,12/13/1958,Chief Design Engineer,sburns2x@photobucket.com,PEUBSeD0l,,,jcb,3532013185997479,9/17/2015,
whenderson2y,Walter Henderson,5 Eagan Hill,Murmansk,,,7-(853)328-9061,Male,08/22/1975,Chief Design Engineer,whenderson2y@fastcompany.com,Ox3bG8tmq,,,laser,67092367570359969,9/1/2015,
dpalmer2z,Dorothy Palmer,79436 Superior Drive,Florentino Ameghino,,,54-(301)989-0656,Female,04/08/1962,Administrative Officer,dpalmer2z@baidu.com,Xxe756qdEV,,,jcb,3543124374956254,9/20/2015,
mdixon30,Mary Dixon,662 Helena Drive,Pępowo,,,48-(600)601-9552,Female,03/01/1964,Software Engineer IV,mdixon30@marketwatch.com,ufqHzAm,,,jcb,3577111033875180,9/29/2015,
jwhite31,Jimmy White,6 Arapahoe Crossing,Mysiadło,,,48-(976)867-2740,Male,07/18/1979,General Manager,jwhite31@sciencedirect.com,s9RL6tvJOl,,,jcb,3549167310428635,5/23/2015,
nallen32,Nancy Allen,3 Texas Hill,Tierra Blanca,GRO,40678,52-(983)811-4483,Female,02/24/1954,Product Engineer,nallen32@cnbc.com,Jtrh9W68t3A,,,jcb,3547158995265550,12/6/2015,
ssanders33,Scott Sanders,5 Farragut Center,Kineshma,,,7-(216)189-0360,Male,07/17/1976,Systems Administrator III,ssanders33@etsy.com,ebNzrmR00,,,china-unionpay,5602238911078610094,12/30/2015,
fmorris34,Frances Morris,5825 Fordem Court,Xujiadian,,,86-(403)901-7013,Female,03/08/1962,Registered Nurse,fmorris34@salon.com,yhAURf4jqwz,,,jcb,3542029149683565,11/11/2015,
dcole35,Denise Cole,0480 Farmco Street,Shimotoda,,,81-(326)660-8204,Female,05/01/1952,Desktop Support Technician,dcole35@virginia.edu,dBwDxWp3o,,,visa,4041372726885,4/24/2016,
lfuller36,Louise Fuller,75916 Northfield Place,Budapest,BU,1097,36-(272)456-2906,Female,12/12/1981,Accounting Assistant I,lfuller36@netvibes.com,xjCevVj,,,jcb,3586815887258967,4/12/2016,
chunter37,Christina Hunter,2 Farragut Court,Sogamoso,,,57-(533)351-7676,Female,09/03/1959,Paralegal,chunter37@mtv.com,Kn0kavut,,,jcb,3528015156400058,4/29/2015,
lrose38,Lawrence Rose,20 Farwell Way,Araras,,,55-(252)553-6023,Male,07/26/1965,Senior Quality Engineer,lrose38@house.gov,tltOh3g5sOX,,,jcb,3551885353443634,11/25/2015,
bspencer39,Bobby Spencer,09 Kim Center,Hwacheon,,,82-(113)385-1992,Male,09/12/1962,Account Representative IV,bspencer39@youtube.com,Rm83D43uQ,,,laser,67064221826129003,6/25/2015,
rweaver3a,Rachel Weaver,675 Talmadge Center,Rungis,A8,94631 CEDEX 1,33-(814)799-8500,Female,10/04/1963,Web Developer III,rweaver3a@github.io,Z8Mojrlp,,,jcb,3528209738534878,10/6/2015,
tfrazier3b,Todd Frazier,973 Oak Valley Trail,Budapest,BU,1147,36-(595)762-7509,Male,09/18/1971,Paralegal,tfrazier3b@disqus.com,VCVjkKXcDi,,,mastercard,5108754249232671,10/25/2015,
dhayes3c,Diana Hayes,16 Eliot Way,Cedar Rapids,IA,52405,1-(319)249-7774,Female,05/17/1951,Mechanical Systems Engineer,dhayes3c@tumblr.com,kKoVlp5h,,,jcb,3563775112136502,11/12/2015,
bfoster3d,Bobby Foster,9 Annamark Drive,Cabitan,,,63-(411)458-6103,Male,06/30/1994,Environmental Tech,bfoster3d@topsy.com,RXeIP64,,,jcb,3585395521095498,4/2/2016,
moliver3e,Marilyn Oliver,98 Corry Lane,Kayunga,,,256-(285)967-4632,Female,06/17/1958,Internal Auditor,moliver3e@elpais.com,Gc0ZgL8YJ,,,jcb,3551814408324417,7/25/2015,
nhudson3f,Nicole Hudson,9743 Del Sol Alley,Robonkon,,,63-(255)297-2322,Female,06/28/1992,Account Executive,nhudson3f@prweb.com,0WDp5aM31,,,diners-club-carte-blanche,30407910416644,11/24/2015,
cchavez3g,Catherine Chavez,529 Graedel Street,Żarki,,,48-(710)664-5022,Female,02/11/1953,Accounting Assistant II,cchavez3g@amazon.com,LqShPVEP,,,jcb,3543923390901479,8/28/2015,
knguyen3h,Katherine Nguyen,2 Elgar Alley,Linglu,,,86-(149)492-6146,Female,07/14/1986,Marketing Manager,knguyen3h@mozilla.com,E0APSwl,,,jcb,3559260314760405,5/4/2015,
kcampbell3i,Kathy Campbell,497 Bobwhite Way,Siluman,,,62-(928)118-3939,Female,12/24/1984,Human Resources Manager,kcampbell3i@techcrunch.com,WQJ2kKp3V,,,diners-club-enroute,201866055883145,4/22/2016,
sarnold3j,Stephanie Arnold,255 Sommers Trail,Taesal-li,,,82-(832)367-7469,Female,12/31/1950,Marketing Assistant,sarnold3j@msn.com,RKZplnqvNUW,,,jcb,3549603786254154,6/25/2015,
ccunningham3k,Christopher Cunningham,119 Florence Lane,Pasirreungit,,,62-(995)497-7434,Male,12/09/1971,Desktop Support Technician,ccunningham3k@vistaprint.com,gGFOGIM02Aq,,,jcb,3542999416661140,4/22/2016,
rstewart3l,Richard Stewart,8228 Village Green Pass,Natonin,,,63-(834)631-0583,Male,04/13/1959,Software Consultant,rstewart3l@tripod.com,qbDNGiQ,,,diners-club-enroute,201675019772140,6/1/2015,
jwillis3m,Johnny Willis,6 Straubel Way,Yevpatoriya,,,380-(713)716-0345,Male,09/03/1957,Senior Financial Analyst,jwillis3m@cnn.com,7YfzBAYQEwRr,,,jcb,3572407770914850,1/8/2016,
gsanchez3n,Gregory Sanchez,984 Prairieview Junction,Zarichchya,,,380-(599)580-2409,Male,05/27/1966,Mechanical Systems Engineer,gsanchez3n@nymag.com,L8jL7wv9,,,maestro,50387824437129787,5/9/2015,
barmstrong3o,Betty Armstrong,1 High Crossing Plaza,Augusta,GA,30905,1-(706)848-6274,Female,02/09/1997,Information Systems Manager,barmstrong3o@cornell.edu,tkKEqZ6oy1,,,maestro,6304495096277801577,11/2/2015,
bbaker3p,Brian Baker,31 Anzinger Park,Zaoshi,,,86-(175)627-8365,Male,02/27/1960,Operator,bbaker3p@java.com,g9sUbnFFC5TW,,,americanexpress,374288449676112,8/23/2015,
brobertson3q,Brandon Robertson,69814 Colorado Street,Changjiang,,,86-(154)451-6472,Male,05/10/1987,Physical Therapy Assistant,brobertson3q@mlb.com,LJgTmtH,,,americanexpress,372301063545448,12/14/2015,
jharris3r,Judith Harris,7667 Monument Trail,Nglengkir,,,62-(742)312-7300,Female,11/07/1947,VP Quality Control,jharris3r@surveymonkey.com,Zk5SgoW,,,jcb,3543297363708058,7/15/2015,
kbryant3s,Karen Bryant,9053 Crownhardt Parkway,Rizal,,,63-(850)614-5052,Female,03/29/1952,Research Nurse,kbryant3s@networkadvertising.org,oVFhA5nsmx,,,jcb,3565706315209562,11/15/2015,
hparker3t,Heather Parker,8542 Killdeer Way,San Diego,,,504-(706)651-8349,Female,07/12/1964,Paralegal,hparker3t@so-net.ne.jp,QQ1O9pW,,,jcb,3543741684914481,6/23/2015,
eevans3u,Emily Evans,51708 Declaration Road,Goianira,,,55-(376)416-2476,Female,06/21/1956,Structural Analysis Engineer,eevans3u@webeden.co.uk,ROTDfoN,,,diners-club-enroute,201813560287370,12/9/2015,
etaylor3v,Elizabeth Taylor,2 Redwing Pass,Zdovbytsya,,,380-(587)198-3503,Female,01/17/1971,Safety Technician II,etaylor3v@uol.com.br,CNJcv3hyu,,,mastercard,5108758817727582,4/26/2016,
jstone3w,Joe Stone,6 Bartillon Point,Le Grand-Quevilly,A7,76124 CEDEX,33-(280)892-3545,Male,08/19/1964,Analyst Programmer,jstone3w@sohu.com,xv0k9ZTWKON,,,jcb,3546383583110023,1/19/2016,
bfrazier3x,Bruce Frazier,5564 Fulton Parkway,Yulin,,,86-(389)870-7671,Male,06/27/1988,Payment Adjustment Coordinator,bfrazier3x@nationalgeographic.com,tGueeXXo9iv,,,bankcard,5602240293593532,3/12/2016,
jpalmer3y,Joseph Palmer,16 Miller Terrace,Yafan,,,86-(441)762-1741,Male,09/27/1971,General Manager,jpalmer3y@hud.gov,ds87HJw0A,,,switch,4905375144224806314,12/20/2015,
aholmes3z,Anna Holmes,08819 Northfield Place,Sūrāb,,,92-(465)903-7710,Female,02/06/1974,Software Test Engineer I,aholmes3z@washington.edu,jQvRfatOAf,,,jcb,3574942949384161,9/22/2015,
abennett40,Amy Bennett,914 Clarendon Street,Cergy-Pontoise,A8,95652 CEDEX,33-(660)272-0029,Female,05/05/1956,Account Representative IV,abennett40@boston.com,XIzpgTP,,,visa-electron,4913020231590668,12/27/2015,
alawrence41,Ashley Lawrence,73 Norway Maple Circle,Toshbuloq,,,998-(479)110-2082,Female,11/28/1990,Account Executive,alawrence41@parallels.com,1sqEyw,,,jcb,3565501955071293,4/1/2016,
dmccoy42,Dorothy Mccoy,1854 Center Center,Luleå,BD,976 33,46-(251)621-5751,Female,01/07/1980,Product Engineer,dmccoy42@boston.com,D2O3Ez,,,jcb,3544752787002701,4/13/2016,
rsimmons43,Rose Simmons,78 Jenna Terrace,Janeng,,,267-(760)309-5865,Female,11/20/1960,Senior Financial Analyst,rsimmons43@blogspot.com,AfxCvyG1,,,jcb,3531373481083320,8/11/2015,
marmstrong44,Marilyn Armstrong,6 Chinook Hill,Annan,,,86-(345)440-4102,Female,03/11/1980,Actuary,marmstrong44@opera.com,AzeU84R,,,visa,4041592733081516,2/27/2016,
tbrown45,Timothy Brown,9471 Quincy Trail,Maloma,,,63-(569)845-5155,Male,02/11/1975,Senior Financial Analyst,tbrown45@sogou.com,EheA0bTZ0z,,,jcb,3535505958591386,2/19/2016,
astewart46,Alan Stewart,49224 Fair Oaks Place,Pocsi,,,51-(975)614-1322,Male,01/06/1984,Recruiting Manager,astewart46@businessweek.com,IHojcX3e,,,jcb,3537561721848304,6/28/2015,
rperry47,Rebecca Perry,5 Service Drive,Péruwelz,WAL,7604,32-(522)659-6700,Female,03/18/1991,Mechanical Systems Engineer,rperry47@yellowbook.com,uakunN1,,,jcb,3531730155677747,3/24/2016,
acollins48,Amy Collins,4348 Green Park,Puerto Ayacucho,,,58-(746)506-3981,Female,12/19/1976,Registered Nurse,acollins48@reddit.com,h5mQxjX91,,,mastercard,5002358743622739,1/15/2016,
mriley49,Matthew Riley,5 Dawn Plaza,Kuala Lumpur,KUL,50933,60-(620)663-6241,Male,07/05/1957,Staff Scientist,mriley49@chronoengine.com,OW7OMs9Y05,,,jcb,3566200487456598,9/18/2015,
dcoleman4a,Dorothy Coleman,347 Reindahl Junction,São Miguel do Guamá,,,55-(852)803-7735,Female,12/13/1966,Research Associate,dcoleman4a@newyorker.com,5IfRud5JP9,,,jcb,3549819744877932,12/10/2015,
agarza4b,Adam Garza,895 Ridge Oak Street,Tân An,,,84-(764)105-3561,Male,10/09/1949,Senior Developer,agarza4b@free.fr,Z3pW8K,,,switch,4903554400366700,8/9/2015,
slopez4c,Samuel Lopez,58 Summerview Avenue,Pangpang,,,63-(351)747-8118,Male,06/19/1961,VP Product Management,slopez4c@issuu.com,1leS3e,,,jcb,3546130600264402,8/12/2015,
jfowler4d,Jane Fowler,12 New Castle Trail,Poitiers,B7,86042 CEDEX 9,33-(841)183-5816,Female,08/25/1959,Chemical Engineer,jfowler4d@forbes.com,wKcSOEMi9N,,,china-unionpay,5610430280483751,3/22/2016,
jthompson4e,Jose Thompson,1 Summit Way,Miaofengshan,,,86-(807)983-2834,Male,04/09/1996,VP Accounting,jthompson4e@seesaa.net,Dv7Q3zR5Etw,,,visa-electron,4175006189650946,2/14/2016,
sjordan4f,Sean Jordan,8517 Glacier Hill Park,Sula,,,63-(673)196-4047,Male,04/01/1957,Administrative Assistant II,sjordan4f@amazon.co.uk,Bq9IaLh0,,,jcb,3589505794527474,3/15/2016,
amason4g,Ashley Mason,74 Bay Point,Nueve de Julio,,,54-(235)664-5904,Female,12/12/1966,Media Manager IV,amason4g@behance.net,KmRyumcQr,,,switch,6331100262415990702,11/7/2015,
jlynch4h,John Lynch,336 Di Loreto Junction,Itabira,,,55-(137)165-8719,Male,08/15/1948,Financial Analyst,jlynch4h@fema.gov,MCgFgbVkuhb4,,,jcb,3555607122704690,9/1/2015,
lwright4i,Larry Wright,6 Shelley Circle,Wola Filipowska,,,48-(726)561-2819,Male,05/16/1956,Community Outreach Specialist,lwright4i@purevolume.com,WB6eTXv1,,,maestro,67623090080467456,7/3/2015,
tarnold4j,Timothy Arnold,9 Annamark Way,Joypur Hāt,,,880-(273)762-7927,Male,07/14/1983,Health Coach I,tarnold4j@123-reg.co.uk,h8d9H3,,,jcb,3583937907307609,9/22/2015,
jkelly4k,Jose Kelly,43 Arkansas Road,Cabaritan East,,,63-(256)740-3017,Male,07/24/1995,Information Systems Manager,jkelly4k@hubpages.com,TntEEn3KDq,,,americanexpress,374288073048489,4/2/2016,
sburns4l,Steven Burns,7 Caliangt Avenue,Siocon,,,63-(800)796-4712,Male,12/29/1974,Analyst Programmer,sburns4l@alibaba.com,6LBvB6CFi9,,,jcb,3573259302149490,2/20/2016,
pjones4m,Patrick Jones,612 Amoth Alley,Lukrejo,,,62-(210)909-7367,Male,03/18/1985,VP Product Management,pjones4m@xing.com,4IkvM6QMu,,,bankcard,5602221747869967,6/22/2015,
eruiz4n,Eric Ruiz,96975 Shelley Terrace,Timoulilt,,,212-(421)491-2866,Male,01/28/1979,VP Marketing,eruiz4n@china.com.cn,S4VUwIoptB,,,jcb,3581856883412112,3/26/2016,
adixon4o,Andrew Dixon,0 Fremont Alley,San Gabriel,,,593-(460)102-7183,Male,09/24/1989,Legal Assistant,adixon4o@ca.gov,l8eB5vB,,,diners-club-carte-blanche,30411923095940,11/5/2015,
preed4p,Phyllis Reed,7 Sauthoff Alley,Miguel Hidalgo,DIF,14260,52-(221)542-2349,Female,03/23/1974,Research Assistant I,preed4p@census.gov,zKqCOu1BX,,,diners-club-us-ca,5505907189974038,2/7/2016,
amitchell4q,Albert Mitchell,2 Everett Road,Hidalgo,VER,96980,52-(173)561-7932,Male,07/12/1961,Physical Therapy Assistant,amitchell4q@instagram.com,u9bVpEtsjt,,,laser,630411606543379946,6/20/2015,
hford4r,Helen Ford,2580 Emmet Place,Shymkent,,,7-(294)937-8043,Female,09/17/1955,Help Desk Operator,hford4r@tumblr.com,uVisHfG,,,jcb,3552666200203978,3/5/2016,
dstone4s,Donald Stone,96182 Carey Junction,Cajamarca,,,51-(404)942-8176,Male,09/02/1985,Nurse Practicioner,dstone4s@bbc.co.uk,jszPZz2XF3M,,,jcb,3552484422370314,10/9/2015,
jadams4t,Jacqueline Adams,16625 Jackson Avenue,Delicias,,,58-(469)483-5289,Female,04/12/1997,Software Consultant,jadams4t@cbc.ca,G74Upa,,,jcb,3573783179791902,10/15/2015,
rpeterson4u,Randy Peterson,64 Maywood Road,Velyka Mykhaylivka,,,380-(483)455-1710,Male,03/02/1956,Civil Engineer,rpeterson4u@com.com,l8Fo5nPI,,,switch,633110659519787194,1/20/2016,
gallen4v,Gary Allen,738 Badeau Avenue,Batutua,,,62-(768)493-1414,Male,10/27/1994,Quality Control Specialist,gallen4v@flavors.me,MxrGHRS,,,jcb,3586736939417866,3/1/2016,
pstevens4w,Philip Stevens,3 Clemons Street,Mulhouse,C1,68947 CEDEX 9,33-(559)808-9869,Male,06/12/1951,Desktop Support Technician,pstevens4w@trellian.com,3maoV6ZAT,,,jcb,3538095822385493,2/8/2016,
jrichardson4x,Jennifer Richardson,2 Hanover Avenue,Zengji,,,86-(165)281-7665,Female,09/18/1992,Help Desk Technician,jrichardson4x@wikipedia.org,wjasnH1gQPe,,,jcb,3541278195339512,3/26/2016,
vlong4y,Virginia Long,0 Spenser Park,Batuan,,,86-(653)603-4410,Female,03/01/1989,Engineer IV,vlong4y@xrea.com,cj3vpYNg5c2,,,jcb,3556844844469851,2/19/2016,
jdunn4z,Julie Dunn,995 Kipling Lane,Quezalguaque,,,505-(408)457-0442,Female,10/08/1973,Teacher,jdunn4z@youku.com,Q4uzARuImX,,,switch,6759121807990639,1/8/2016,
lhart50,Larry Hart,8 Manley Drive,Huicungo,,,51-(176)922-7049,Male,08/11/1956,Recruiting Manager,lhart50@dropbox.com,7EvoMFh,,,jcb,3550679970682091,2/19/2016,
rperkins51,Ryan Perkins,76 Summit Lane,Sorren Daya,,,62-(129)562-4141,Male,04/23/1946,Health Coach III,rperkins51@cdc.gov,Ar6DRZm,,,solo,6767568819158789,8/4/2015,
njackson52,Norma Jackson,70 Green Ridge Hill,Seltjarnarnes,,,354-(359)151-9412,Female,08/01/1947,Office Assistant III,njackson52@photobucket.com,oMr3H89r,,,jcb,3541491854376986,2/13/2016,
pmorales53,Pamela Morales,86 Killdeer Avenue,Guangyi,,,86-(903)194-6525,Female,01/23/1995,Account Executive,pmorales53@illinois.edu,tETaOMz,,,jcb,3589208377025392,12/4/2015,
mriley54,Martin Riley,977 Warbler Circle,Toutai,,,86-(231)254-4453,Male,01/13/1996,Quality Engineer,mriley54@deviantart.com,wFvxYVp,,,jcb,3574824944838120,2/1/2016,
bdixon55,Barbara Dixon,579 Hoard Parkway,Jinxiang,,,86-(287)244-8224,Female,01/13/1976,Geological Engineer,bdixon55@time.com,2Jr7qifrx,,,maestro,5038554119440536,10/10/2015,
rporter56,Ruth Porter,129 Merchant Point,Kamojimachō-jōgejima,,,81-(791)801-6118,Female,11/22/1995,Librarian,rporter56@newyorker.com,LvhWJxK2QREW,,,jcb,3533535354682416,12/31/2015,
jrivera57,Jennifer Rivera,72829 Maple Wood Point,Salam,,,62-(567)491-5596,Female,12/03/1953,Community Outreach Specialist,jrivera57@booking.com,5JXMTLsm13Ck,,,china-unionpay,560223879870066520,9/16/2015,
relliott58,Ruby Elliott,32400 Darwin Drive,Mbinga,,,255-(881)886-3794,Female,03/23/1998,Quality Control Specialist,relliott58@facebook.com,dAm7sOSCp1,,,americanexpress,374288679089028,3/30/2016,
acook59,Alan Cook,4 5th Parkway,Joutsa,,,358-(484)774-6603,Male,06/26/1985,Account Executive,acook59@amazon.de,ATrT4VVCTyEh,,,jcb,3571160343712142,3/18/2016,
cward5a,Carol Ward,0121 Caliangt Point,Novoanninskiy,,,7-(901)754-4910,Female,11/01/1959,Operator,cward5a@geocities.com,4Y9uXhMtx,,,visa,4041373594308,9/16/2015,
jpowell5b,John Powell,161 Carey Park,Staroutkinsk,,,7-(667)745-1274,Male,02/10/1977,Research Nurse,jpowell5b@etsy.com,9y4u9XHOS,,,jcb,3575061307183666,2/11/2016,
gdiaz5c,Gerald Diaz,902 Fuller Trail,Pesnica pri Mariboru,,,386-(388)974-4352,Male,11/25/1978,Chemical Engineer,gdiaz5c@instagram.com,gfbz8DP,,,jcb,3546083869618208,4/23/2016,
wgrant5d,Wayne Grant,97302 Gina Center,Paradela,04,5210-264,351-(399)678-3043,Male,10/08/1947,Software Test Engineer IV,wgrant5d@prweb.com,DqTxazaF0,,,diners-club-carte-blanche,30295585301518,8/8/2015,
thall5e,Theresa Hall,333 Buell Park,Kertosari,,,62-(142)974-0218,Female,10/15/1950,Media Manager II,thall5e@guardian.co.uk,jwP90vQggFf,,,jcb,3584525539124994,2/1/2016,
areid5f,Ashley Reid,911 Pawling Place,Amsterdam-Oost,07,1094,31-(347)724-1418,Female,08/14/1948,Computer Systems Analyst IV,areid5f@ehow.com,HyHINnyEOP,,,jcb,3575781099385696,4/19/2016,
jholmes5g,Joan Holmes,01272 Oakridge Road,Lebak,,,62-(234)751-4288,Female,02/12/1951,Environmental Tech,jholmes5g@twitpic.com,4EvkuWVSCi,,,bankcard,5602256026485820,5/11/2015,
hrice5h,Howard Rice,6017 Granby Alley,Soweto,,,27-(904)393-1885,Male,04/20/1979,Senior Sales Associate,hrice5h@chicagotribune.com,GUokAwYz4ItF,,,diners-club-enroute,201907442657592,8/10/2015,
shamilton5i,Sara Hamilton,9 Vahlen Drive,Pļaviņas,,,371-(370)989-7858,Female,07/05/1967,Legal Assistant,shamilton5i@hud.gov,ruDz8wMbaW,,,maestro,676202263962037187,8/22/2015,
emorales5j,Eugene Morales,34 Portage Drive,Pangawaren,,,62-(416)880-7270,Male,11/30/1949,Mechanical Systems Engineer,emorales5j@berkeley.edu,2CV24gIKim,,,visa-electron,4844345216930124,1/13/2016,
