jwright0,Jonathan Wright,93 Thierer Road,Libourne,97,33515 CEDEX,33-(951)511-7571,Male,06/27/1972,Accounting Assistant IV,jwright0@angelfire.com,N6Az5Cwqdv,,,solo,676710624618772912,4/21/2016,
pbanks1,Pamela Banks,46 Longview Terrace,Shiozawa,,,81-(414)754-7929,Female,06/18/1949,Systems Administrator I,pbanks1@issuu.com,uqFcXS6FA8Y,,,switch,4911529814524841749,4/29/2015,
hreynolds2,Henry Reynolds,29205 Stephen Way,Drammen,06,3027,47-(109)903-7452,Male,03/27/1997,Financial Analyst,hreynolds2@etsy.com,QYFZkY4YpZ,,,visa-electron,4917486178572397,5/12/2015,
agutierrez3,Albert Gutierrez,32 Rutledge Circle,Krivyanskaya,,,7-(419)184-8998,Male,10/20/1990,Systems Administrator II,agutierrez3@list-manage.com,xpAq6eUN0,,,jcb,3537873195510405,2/20/2016,
cwright4,Christopher Wright,4571 Stone Corner Center,Buenavista,VER,94463,52-(525)155-1017,Male,03/02/1985,Speech Pathologist,cwright4@harvard.edu,Mmitim,,,bankcard,5602252671245239,5/7/2015,
sgutierrez5,Sandra Gutierrez,70220 Grayhawk Park,Ulanov,,,380-(973)874-1286,Female,03/10/1947,Research Associate,sgutierrez5@globo.com,G3hiTjPsjX,,,switch,4905247307770819017,10/12/2015,
dsims6,Diane Sims,91696 Laurel Way,Kyosai,,,82-(762)457-8668,Female,01/01/1977,Budget/Accounting Analyst IV,dsims6@zimbio.com,w5KTRRwjO,,,jcb,3576713297741569,11/25/2015,
ataylor7,Anne Taylor,9705 Veith Terrace,Ilama,,,504-(274)796-5565,Female,09/14/1993,Professor,ataylor7@smugmug.com,4ns3dIaJ2,,,jcb,3529578838520550,5/13/2015,
mdixon8,Maria Dixon,34094 Saint Paul Center,Santa Maria,CHP,25903,52-(112)576-4467,Female,03/02/1957,Analyst Programmer,mdixon8@eventbrite.com,5oYPOZP,,,mastercard,5100139951635253,1/30/2016,
rhamilton9,Ryan Hamilton,0 Westridge Road,Port Loko,,,232-(713)981-5156,Male,11/28/1979,Senior Sales Associate,rhamilton9@salon.com,oLqq9RbFUh,,,mastercard,5007664378806710,7/9/2015,
kharta,Kathleen Hart,49108 Orin Parkway,Utrecht (stad),09,3560,31-(775)863-8902,Female,02/05/1953,Accountant I,kharta@fotki.com,XQCVyALyrYoh,,,diners-club-carte-blanche,30550909512277,7/20/2015,
hwelchb,Henry Welch,7398 Bobwhite Plaza,Sparks,NV,89436,1-(775)937-3905,Male,02/17/1971,Office Assistant III,hwelchb@wunderground.com,gpvtNW,,,bankcard,5602257562921822,9/18/2015,
dfloresc,Debra Flores,63351 Harbort Way,København,1084,1633,45-(484)621-9840,Female,03/24/1967,Occupational Therapist,dfloresc@miibeian.gov.cn,mZ2gQeP8S,,,jcb,3547721575825893,1/16/2016,
dwarrend,Douglas Warren,0698 Meadow Vale Way,Old Shinyanga,,,255-(383)685-0450,Male,01/01/1952,Dental Hygienist,dwarrend@arstechnica.com,KyUGLVgf,,,china-unionpay,5602231751492825853,2/23/2016,
mblacke,Marie Black,04 Scoville Place,Bungu,,,255-(965)686-6989,Female,09/27/1969,Professor,mblacke@vistaprint.com,hxu6Akj,,,visa,4041379353108633,11/5/2015,
sgrantf,Sarah Grant,579 Graceland Center,Jurm,,,93-(288)893-9096,Female,09/19/1987,Geological Engineer,sgrantf@mapy.cz,BaCsXpek,,,visa,4041379584600,11/9/2015,
ppetersg,Philip Peters,4039 Delladonna Way,Entre Rios,,,55-(780)381-8157,Male,02/22/1977,Systems Administrator II,ppetersg@hatena.ne.jp,K6hkp4OT3Yo8,,,mastercard,5007668257201984,9/12/2015,
tstoneh,Thomas Stone,763 Duke Terrace,Partikan,,,62-(109)772-9625,Male,05/17/1946,Financial Analyst,tstoneh@senate.gov,GS5EdHP3,,,jcb,3581340712446872,2/4/2016,
aelliotti,Andrew Elliott,2455 Oakridge Alley,Long’anqiao,,,86-(662)735-7462,Male,04/11/1950,Recruiting Manager,aelliotti@imageshack.us,Nmy3ot7yBdU,,,china-unionpay,5602214938285705,2/19/2016,
egonzalezj,Emily Gonzalez,270 Paget Way,Huixian Chengguanzhen,,,86-(922)996-0794,Female,07/29/1959,Engineer I,egonzalezj@accuweather.com,bbN7qA,,,china-unionpay,5602241474307684,6/5/2015,
hgreenek,Heather Greene,4 Continental Park,Tapakrejo,,,62-(846)176-4075,Female,04/09/1968,Geologist III,hgreenek@reference.com,50xRN6eK9,,,switch,6333490765085251,5/20/2015,
ccooperl,Charles Cooper,92 Surrey Place,Kota Kinabalu,SBH,88400,60-(154)498-8987,Male,06/24/1946,Electrical Engineer,ccooperl@usnews.com,YbqaxJA,,,diners-club-international,36947142960830,5/21/2015,
swrightm,Steven Wright,548 Lindbergh Place,Altares,43,9700-308,351-(230)985-3176,Male,05/02/1991,Geological Engineer,swrightm@blogs.com,fozIyVGp3o,,,china-unionpay,560225173404712215,3/20/2016,
mwoodsn,Marie Woods,0730 North Center,Cikulahan,,,62-(214)959-8159,Female,12/09/1951,Analog Circuit Design manager,mwoodsn@ucoz.com,KR8Emb,,,laser,6709731915442819,6/24/2015,
bmorrisono,Bobby Morrison,293 Ridge Oak Parkway,Wujiashan,,,86-(765)922-6557,Male,01/07/1959,Senior Editor,bmorrisono@angelfire.com,Y6xRjD,,,china-unionpay,5602210774180728531,4/15/2016,
bortizp,Bruce Ortiz,22 5th Drive,Duncans,,,1-(430)694-8886,Male,05/30/1981,Pharmacist,bortizp@epa.gov,NhQHcspj0,,,diners-club-us-ca,5538907498921119,12/26/2015,
jpalmerq,Jacqueline Palmer,71948 Scott Terrace,Pandean,,,62-(581)844-4185,Female,07/04/1974,Registered Nurse,jpalmerq@shutterfly.com,6867SNCJlz8g,,,mastercard,5464439822543193,10/22/2015,
jwillisr,Julie Willis,09033 Oak Road,Naranjos,,,51-(843)929-6108,Female,10/27/1989,Environmental Specialist,jwillisr@yale.edu,uTL384DO6T,,,switch,4903013746260499,10/31/2015,
apalmers,Albert Palmer,98365 Oxford Alley,Malakwal City,,,92-(526)449-7013,Male,07/25/1952,Occupational Therapist,apalmers@sbwire.com,29uMmiXQ29,,,solo,6334723586842222748,12/9/2015,
amurphyt,Andrea Murphy,6910 Manufacturers Lane,Hyères,B8,83404 CEDEX,33-(294)115-3280,Female,04/04/1975,Community Outreach Specialist,amurphyt@techcrunch.com,oTeu0AMV,,,maestro,67594681420274159,6/3/2015,
ssandersu,Sara Sanders,098 Burrows Avenue,Peace River,AB,,1-(310)373-6458,Female,06/04/1973,Senior Editor,ssandersu@deviantart.com,LVcQe3Hh8K,,,visa-electron,4917424852354097,2/3/2016,
bwallacev,Brandon Wallace,939 Butternut Junction,Waitangi,,,64-(215)107-6906,Male,12/04/1987,Librarian,bwallacev@auda.org.au,19fb07y39q,,,solo,6334631842658497440,5/31/2015,
dreidw,Deborah Reid,9 Coleman Court,Roldanillo,,,57-(723)336-1024,Female,09/08/1991,Administrative Assistant IV,dreidw@free.fr,5lQDwtEBGLXc,,,jcb,3546821074416375,11/26/2015,
scooperx,Susan Cooper,5586 Green Road,Ōdachō-ōda,,,81-(572)894-3067,Female,06/03/1955,Accounting Assistant IV,scooperx@ehow.com,etpUA6kQY,,,china-unionpay,5602246286449656948,12/5/2015,
bpowelly,Bruce Powell,872 Norway Maple Lane,Mysove,,,380-(109)353-9813,Male,05/31/1971,Engineer I,bpowelly@com.com,Lxq2z2,,,jcb,3532631928921884,5/26/2015,
mhunterz,Melissa Hunter,9419 5th Pass,Ceelbuur,,,252-(429)370-5975,Female,08/28/1964,Research Nurse,mhunterz@wired.com,ykrW5pgk,,,china-unionpay,5602259985409239769,4/16/2016,
chansen10,Christine Hansen,5033 8th Point,Independencia,MEX,56617,52-(985)997-1099,Female,12/23/1969,Staff Scientist,chansen10@alibaba.com,imEXbnAY,,,americanexpress,378324092827458,8/19/2015,
cedwards11,Clarence Edwards,24 Dayton Park,Tuba,,,86-(761)183-4149,Male,11/01/1982,Professor,cedwards11@desdev.cn,tTAyzUt5B,,,jcb,3569910651763770,6/17/2015,
aalexander12,Alice Alexander,056 Ronald Regan Alley,Kunashak,,,7-(906)711-0174,Female,03/03/1952,Software Consultant,aalexander12@elegantthemes.com,m2j4rG8o,,,jcb,3575917920880469,1/9/2016,
awatkins13,Andrea Watkins,86967 Briar Crest Place,Lavradio,15,2835-305,351-(600)492-3682,Female,01/28/1959,Financial Advisor,awatkins13@sbwire.com,HwvRshiLRp5y,,,maestro,5893143825266784900,11/19/2015,
calexander14,Craig Alexander,7096 Rieder Point,Czarna,,,48-(252)861-0125,Male,02/27/1969,Environmental Tech,calexander14@wp.com,DrZ1WLoDXuW0,,,china-unionpay,56022129211513430,1/4/2016,
srogers15,Sharon Rogers,6 Kim Street,Jayawangi,,,62-(867)933-6774,Female,01/15/1969,Speech Pathologist,srogers15@ameblo.jp,v94RKr5T1crj,,,jcb,3532561508192103,10/23/2015,
jmorrison16,Joseph Morrison,06580 Derek Junction,Guayaquil,,,593-(552)519-4618,Male,02/23/1989,Financial Advisor,jmorrison16@jimdo.com,msNzu4r4dY,,,solo,6767210675198151972,4/24/2016,
bryan17,Bruce Ryan,99283 David Road,Malin,,,86-(921)382-4631,Male,02/14/1970,Internal Auditor,bryan17@indiatimes.com,VVnIbxf,,,jcb,3575666859428861,3/10/2016,
jwoods18,Jose Woods,6826 Karstens Junction,Sremski Karlovci,,,381-(854)282-2393,Male,08/16/1980,Social Worker,jwoods18@msn.com,d3bQwqp8kCj,,,china-unionpay,5602212172102255,11/15/2015,
rcox19,Russell Cox,3 Nova Circle,Strančice,,,420-(787)621-9150,Male,06/23/1951,Software Engineer I,rcox19@phoca.cz,aI5Bxa8QM,,,jcb,3535139035512692,10/18/2015,
dweaver1a,Doris Weaver,941 Oakridge Center,Tanggung,,,62-(432)616-6617,Female,11/28/1964,Help Desk Operator,dweaver1a@over-blog.com,1F0HUlay,,,jcb,3547414772116320,9/19/2015,
ckennedy1b,Cynthia Kennedy,78 Russell Parkway,Sidoaji,,,62-(980)565-9361,Female,05/17/1987,Accounting Assistant II,ckennedy1b@taobao.com,vMrm97uEH3ij,,,laser,6304553005492394234,1/8/2016,
slynch1c,Sandra Lynch,04871 8th Drive,Don Tan,,,66-(237)780-4769,Female,10/22/1983,Payment Adjustment Coordinator,slynch1c@discuz.net,fY8PS12gzgBu,,,china-unionpay,5602216594156336,10/7/2015,
dsimmons1d,Diane Simmons,9878 Lake View Drive,El Paso,TX,88530,1-(915)257-4752,Female,06/23/1959,Internal Auditor,dsimmons1d@nytimes.com,eZe09y,,,visa,4041372536872142,12/16/2015,
jmartinez1e,Jennifer Martinez,6 Mesta Pass,Karangtengah,,,62-(258)872-3240,Female,12/29/1996,Programmer Analyst IV,jmartinez1e@etsy.com,ygzrIE,,,jcb,3559887860654150,2/8/2016,
amccoy1f,Anna Mccoy,853 Londonderry Drive,Huangmu,,,86-(733)582-0850,Female,03/29/1984,Analyst Programmer,amccoy1f@cpanel.net,X4R7bJMg5ouq,,,americanexpress,374622143215308,7/3/2015,
jburton1g,Janice Burton,923 Oxford Place,Trollhättan,O,461 25,46-(103)156-5427,Female,10/22/1983,Project Manager,jburton1g@linkedin.com,RELfE946hIZU,,,jcb,3554224481119576,3/22/2016,
jbutler1h,Joan Butler,853 Birchwood Pass,Chīchāwatni,,,92-(796)489-5596,Female,10/09/1979,Chemical Engineer,jbutler1h@stumbleupon.com,mHLKZG6s,,,china-unionpay,5602234253302648440,2/16/2016,
sharper1i,Stephanie Harper,0862 Lakeland Place,Sangba,,,86-(931)550-1379,Female,10/22/1975,Geologist II,sharper1i@sbwire.com,lRKOIdIa9z7,,,jcb,3556562074561680,3/23/2016,
ereed1j,Eugene Reed,4320 Sherman Crossing,Dusun Desa Bunter,,,62-(869)212-8658,Male,09/09/1959,Cost Accountant,ereed1j@vinaora.com,1LK04u,,,jcb,3560119826782264,3/26/2016,
smurray1k,Susan Murray,73 Stoughton Lane,Kampungtengah,,,62-(614)149-4428,Female,12/30/1956,Occupational Therapist,smurray1k@epa.gov,hxUTZblv,,,maestro,6759776454580528,9/12/2015,
jyoung1l,Jane Young,94994 Nobel Avenue,Al Qardāḩah,,,963-(733)283-8944,Female,05/11/1961,Technical Writer,jyoung1l@sbwire.com,VglwSXWLlDR0,,,instapayment,6392018640788498,10/12/2015,
hharper1m,Heather Harper,15 Commercial Junction,Gines-Patay,,,63-(559)141-3120,Female,01/22/1971,Environmental Tech,hharper1m@unicef.org,T0KvJtCDZyf,,,china-unionpay,5602232038954756,4/20/2016,
nrice1n,Nicole Rice,3 Hallows Trail,Valada,14,2070-510,351-(596)738-4073,Female,09/16/1970,Junior Executive,nrice1n@cbsnews.com,Acv5Q4Bs9YL,,,mastercard,5007666540943982,1/22/2016,
lsanchez1o,Lawrence Sanchez,4 8th Lane,San Miguel Dueñas,,,502-(912)676-7310,Male,04/30/1952,Structural Engineer,lsanchez1o@columbia.edu,EBxszWubV4hV,,,jcb,3576340984632198,3/6/2016,
mcarter1p,Marie Carter,55 Kropf Crossing,Yunmenling,,,86-(799)597-2164,Female,08/26/1990,Operator,mcarter1p@illinois.edu,OtJWw4tg1,,,jcb,3545784990016920,3/7/2016,
cpalmer1q,Christine Palmer,9190 Bartillon Road,Águas Vermelhas,,,55-(840)896-1937,Female,08/25/1993,Environmental Specialist,cpalmer1q@house.gov,vaU6X6L4X,,,maestro,0604463535468714,4/27/2016,
tmarshall1r,Teresa Marshall,97 Mosinee Point,Gubin,,,48-(857)616-8791,Female,12/16/1996,Staff Accountant IV,tmarshall1r@skyrock.com,sHy3Pb2V7tp,,,jcb,3581458004987906,5/22/2015,
sfields1s,Stephanie Fields,5 Fairfield Road,Ljungby,G,341 31,46-(387)519-8357,Female,11/30/1977,Account Coordinator,sfields1s@npr.org,cLhwTDp0,,,jcb,3565659223864053,4/4/2016,
tcollins1t,Todd Collins,25 Cascade Plaza,Pasargunung,,,62-(456)442-0634,Male,03/20/1968,Speech Pathologist,tcollins1t@deliciousdays.com,DjPFIQjDul,,,diners-club-carte-blanche,30422665545372,4/9/2016,
shenry1u,Sean Henry,23 Larry Crossing,Cirangga Kidul,,,62-(771)233-0491,Male,04/06/1991,Programmer II,shenry1u@desdev.cn,oaAe39KNc,,,diners-club-enroute,201472667370256,2/2/2016,
hgibson1v,Heather Gibson,13680 Macpherson Street,Yongjiang,,,86-(526)151-7921,Female,04/26/1986,Research Assistant II,hgibson1v@furl.net,Ptn7SPadY5,,,mastercard,5119960628192579,6/9/2015,
pmedina1w,Phillip Medina,9265 Westport Plaza,Na Chaluai,,,66-(361)218-4005,Male,03/08/1957,Design Engineer,pmedina1w@geocities.jp,4IRgrFMag,,,maestro,58933754216279879,2/21/2016,
lfuller1x,Lisa Fuller,46633 Hovde Pass,Cabadiangan,,,63-(949)212-8483,Female,10/10/1987,VP Product Management,lfuller1x@bbc.co.uk,L6IwY6SvPls,,,switch,493624658243830526,6/24/2015,
ematthews1y,Ernest Matthews,73 Londonderry Terrace,Fengyan,,,86-(836)516-4670,Male,06/19/1961,Editor,ematthews1y@mtv.com,pPgQkBVjIC0O,,,switch,5641825424132409,1/14/2016,
fscott1z,Fred Scott,14321 Oak Point,Domont,A8,95334 CEDEX,33-(540)533-4523,Male,08/28/1961,Marketing Manager,fscott1z@npr.org,pibtdcoVrTn,,,diners-club-enroute,201759070379977,7/11/2015,
jmoreno20,Jennifer Moreno,088 Manufacturers Point,Feng’an,,,86-(716)825-7014,Female,12/23/1963,Administrative Officer,jmoreno20@privacy.gov.au,bxCzHIY,,,jcb,3535042866216062,9/15/2015,
shayes21,Steven Hayes,82608 Transport Road,Piaocao,,,86-(962)820-0822,Male,09/08/1974,Systems Administrator II,shayes21@samsung.com,io5lOdrw,,,mastercard,5331193202370047,11/4/2015,
kknight22,Kelly Knight,9 Namekagon Terrace,Guri-si,,,82-(287)865-3701,Female,11/12/1983,Structural Analysis Engineer,kknight22@shutterfly.com,ZmOZ7TdcJZ,,,jcb,3584103475441986,9/8/2015,
cberry23,Charles Berry,39 Northridge Center,Mangseng,,,62-(449)633-3721,Male,06/27/1996,Staff Accountant I,cberry23@mac.com,1zqkwnU,,,diners-club-enroute,201951615355402,5/1/2015,
bandrews24,Bruce Andrews,3520 Southridge Circle,Xijiao,,,86-(397)586-4924,Male,05/08/1963,Director of Sales,bandrews24@usatoday.com,M0pStyheiU,,,americanexpress,374172771660813,7/20/2015,
ldavis25,Laura Davis,7727 Gulseth Street,Katrineholm,D,641 91,46-(265)314-3844,Female,09/13/1960,Cost Accountant,ldavis25@webmd.com,SP9uEwdN,,,jcb,3548042165097895,11/13/2015,
tbrown26,Todd Brown,04208 Dawn Way,Ulyanovsk,,,7-(190)672-3499,Male,06/04/1966,Biostatistician III,tbrown26@usa.gov,SjM1YFNolw,,,switch,491104207804344767,3/1/2016,
shunter27,Steve Hunter,926 Larry Trail,Gardēz,,,93-(719)819-7642,Male,04/12/1972,Geological Engineer,shunter27@cmu.edu,DZl4Q9hG,,,bankcard,5602217982457203,11/8/2015,
wbishop28,Wayne Bishop,62611 Kingsford Lane,Kaliska,,,48-(760)174-6737,Male,07/05/1950,Marketing Assistant,wbishop28@washingtonpost.com,tw9s3D5glhnP,,,china-unionpay,5610655065359541,5/4/2015,
trogers29,Thomas Rogers,94 Hermina Pass,Kota Kinabalu,SBH,88512,60-(304)971-3892,Male,04/03/1995,Financial Advisor,trogers29@vkontakte.ru,TRfkuwcsx,,,diners-club-carte-blanche,30515891286727,7/26/2015,
msnyder2a,Mark Snyder,63 Green Ridge Way,Yeniugou,,,86-(693)113-5482,Male,09/03/1982,Human Resources Manager,msnyder2a@desdev.cn,UnjSsEp,,,jcb,3576002082688486,8/27/2015,
gwest2b,George West,57 Summerview Junction,Mbale,,,254-(628)902-1967,Male,07/22/1958,Software Test Engineer IV,gwest2b@slashdot.org,KMx906i2X,,,visa-electron,4917132316149777,11/13/2015,
sjenkins2c,Shawn Jenkins,375 Debs Court,Provatás,,,30-(610)648-6280,Male,08/05/1990,Civil Engineer,sjenkins2c@google.es,lT0yniDMw,,,diners-club-carte-blanche,30229151442000,5/10/2015,
jgutierrez2d,Janice Gutierrez,04 Waywood Place,Baoyang,,,86-(590)631-2185,Female,01/27/1955,Research Associate,jgutierrez2d@free.fr,VCYZBdwX,,,jcb,3547199284126681,6/9/2015,
hadams2e,Henry Adams,89 Jana Point,Kuanping,,,86-(709)284-0009,Male,08/24/1971,Civil Engineer,hadams2e@list-manage.com,WD7wo45uvJ,,,maestro,58938581005420405,3/22/2016,
glynch2f,George Lynch,68 Heffernan Drive,Nikkō,,,81-(542)386-7692,Male,07/04/1956,Safety Technician II,glynch2f@scientificamerican.com,GP39q1XSho,,,jcb,3579086409785296,9/2/2015,
wwatson2g,Willie Watson,73 Aberg Lane,Rancamaya,,,62-(173)656-5142,Male,12/16/1963,Internal Auditor,wwatson2g@blogtalkradio.com,suFd5ef,,,jcb,3545994359275690,3/30/2016,
awelch2h,Arthur Welch,2325 West Way,Moravská Třebová,,,420-(755)439-1109,Male,02/25/1990,Speech Pathologist,awelch2h@newsvine.com,oPa9V14XJtz,,,diners-club-carte-blanche,30294487745591,4/23/2016,
mbaker2i,Mary Baker,5239 Delladonna Plaza,Vila Chã do Monte,18,3510-868,351-(310)569-8980,Female,05/03/1947,Dental Hygienist,mbaker2i@timesonline.co.uk,8WCayUX,,,jcb,3581244157662250,1/12/2016,
ssmith2j,Sarah Smith,3707 Morningstar Junction,Škofljica,,,386-(986)888-0619,Female,03/19/1976,Desktop Support Technician,ssmith2j@cornell.edu,ungPiI,,,mastercard,5172777174404412,8/24/2015,
dmorrison2k,Dorothy Morrison,3 Oak Valley Circle,Gusang,,,86-(641)605-0548,Female,06/08/1988,Analog Circuit Design manager,dmorrison2k@dedecms.com,vq1LzEJ9tD,,,switch,491106639424276532,9/1/2015,
flarson2l,Frank Larson,4526 Drewry Street,Kalenderovci Donji,,,387-(348)422-0073,Male,04/10/1960,Programmer II,flarson2l@shutterfly.com,HsSXceqAM,,,china-unionpay,5602228267073455205,4/20/2016,
dgonzalez2m,Diana Gonzalez,07 Melrose Crossing,Cihurip Satu,,,62-(132)834-4910,Female,12/27/1973,Web Developer IV,dgonzalez2m@alexa.com,90bDOkh,,,switch,675930836200608702,10/17/2015,
jfreeman2n,Jerry Freeman,84 Prentice Parkway,Sorokino,,,7-(693)546-4731,Male,02/28/1950,Senior Financial Analyst,jfreeman2n@mapquest.com,NAIKc5Hm,,,jcb,3573209531463485,12/21/2015,
jstanley2o,James Stanley,532 Eastwood Way,Enschede,15,7504,31-(734)824-0934,Male,08/01/1961,Clinical Specialist,jstanley2o@diigo.com,rwcJE134oM,,,maestro,5893582576795009966,8/26/2015,
mbutler2p,Marilyn Butler,9077 Bultman Avenue,Rantauambacang,,,62-(365)126-2862,Female,05/13/1990,Senior Sales Associate,mbutler2p@businessweek.com,wsM7lh4,,,jcb,3567533839826426,8/19/2015,
bramos2q,Bonnie Ramos,44023 Milwaukee Terrace,Toledo,OH,43615,1-(419)352-4236,Female,12/12/1986,Geologist I,bramos2q@ucla.edu,fioo1D6qKTh,,,jcb,3589243497697713,11/28/2015,
cmendoza2r,Carl Mendoza,5328 Doe Crossing Alley,Kirkland Lake,ON,,1-(262)312-6615,Male,10/30/1983,Automation Specialist IV,cmendoza2r@businessweek.com,1I4953b0a,,,jcb,3560511640967784,12/23/2015,
jcooper2s,Jessica Cooper,03 Huxley Drive,Jiuting,,,86-(256)565-4247,Female,04/24/1984,Analyst Programmer,jcooper2s@rambler.ru,Iwr3KARoacTT,,,china-unionpay,560221702523467915,2/9/2016,
kmartin2t,Kelly Martin,700 Moose Junction,Şirvan,,,994-(264)159-0000,Female,04/30/1995,Sales Representative,kmartin2t@etsy.com,EBtYoK3G,,,diners-club-enroute,201663007101027,5/10/2015,
cmorgan2u,Christine Morgan,6491 Merry Street,Chacabuco,,,54-(566)174-2594,Female,10/28/1995,Account Representative III,cmorgan2u@furl.net,yzaFohwq8,,,maestro,503812288329531356,7/19/2015,
jhansen2v,Jean Hansen,342 Maple Wood Hill,Bełżyce,,,48-(792)174-0861,Female,09/03/1950,Programmer IV,jhansen2v@weather.com,K0VqGTCgn,,,bankcard,5602255199292765,10/2/2015,
jflores2w,Jonathan Flores,2760 Elka Park,Krajan Baru,,,62-(416)840-6963,Male,12/05/1966,Statistician III,jflores2w@usatoday.com,i6NdKKhbZfd,,,jcb,3561956308205044,9/8/2015,
fhenry2x,Fred Henry,86751 Mallory Avenue,Kičevo,,,389-(836)677-7494,Male,02/03/1989,Computer Systems Analyst IV,fhenry2x@godaddy.com,JZv1Z0,,,diners-club-carte-blanche,30400774444091,4/5/2016,
dray2y,Dorothy Ray,36573 Jackson Place,Bolorejo,,,62-(945)567-3888,Female,06/02/1984,Data Coordiator,dray2y@mediafire.com,XyTIQu8kh,,,jcb,3564554027212305,2/5/2016,
clopez2z,Clarence Lopez,6625 Merchant Point,Delgerhaan,,,976-(868)335-6058,Male,10/28/1973,Food Chemist,clopez2z@hostgator.com,PGUeQTI,,,solo,6334532415827431,1/12/2016,
mcole30,Mary Cole,2538 Columbus Drive,Étampes,A8,91154 CEDEX,33-(430)398-9081,Female,08/27/1997,Environmental Tech,mcole30@infoseek.co.jp,2oMtHxr,,,jcb,3534765077553870,6/28/2015,
cgomez31,Craig Gomez,53 Colorado Center,Agarsin,,,86-(941)240-7437,Male,01/17/1977,Teacher,cgomez31@typepad.com,rAvDL9UDkF,,,jcb,3567527134748798,2/17/2016,
mbrooks32,Mary Brooks,83 Monterey Junction,Balidian,,,86-(230)626-4696,Female,05/25/1997,Assistant Manager,mbrooks32@edublogs.org,0YOD6gW,,,jcb,3533355667120248,5/27/2015,
lsimmons33,Laura Simmons,6190 Hanover Parkway,Kashima-shi,,,81-(964)829-2368,Female,07/05/1981,Environmental Specialist,lsimmons33@technorati.com,2ZCyj8f,,,mastercard,5100145584278981,8/3/2015,
jgonzales34,Jessica Gonzales,92 Annamark Park,Tol’yatti,,,7-(812)805-3927,Female,04/14/1954,Food Chemist,jgonzales34@zimbio.com,ziUSfa7vO,,,laser,6304565973670039,3/24/2016,
dthomas35,Diane Thomas,97613 Mariners Cove Trail,Rudnichnyy,,,7-(253)271-3477,Female,03/26/1952,Desktop Support Technician,dthomas35@nydailynews.com,GwrTq23FQf,,,switch,4936454990631368,11/29/2015,
tturner36,Theresa Turner,5916 Blackbird Pass,Tuqiao,,,86-(916)728-0074,Female,10/29/1976,Health Coach II,tturner36@va.gov,4xBQ0WvM5RR3,,,solo,6767756081886814841,2/17/2016,
pwilliams37,Phillip Williams,27 Swallow Road,Ichnya,,,380-(577)868-7611,Male,05/12/1977,VP Accounting,pwilliams37@kickstarter.com,WgUGyj9,,,mastercard,5048376167259560,10/23/2015,
srichardson38,Scott Richardson,28886 Sundown Place,Abidjan,,,225-(769)543-3179,Male,09/16/1996,Electrical Engineer,srichardson38@nba.com,LTPq2N,,,china-unionpay,561048035093629831,10/18/2015,
hhart39,Howard Hart,0941 Meadow Ridge Center,Nesterov,,,7-(219)142-9575,Male,10/09/1981,Physical Therapy Assistant,hhart39@comsenz.com,GNnBYj,,,jcb,3532844734000427,7/28/2015,
mgarrett3a,Martha Garrett,1 Dovetail Junction,Juradó,,,57-(681)532-4274,Female,01/28/1959,Senior Developer,mgarrett3a@hhs.gov,BEbknNwx,,,visa,4041375037884,7/29/2015,
bwallace3b,Benjamin Wallace,72 Quincy Street,Tepusteca,,,504-(473)794-8322,Male,08/21/1969,Research Nurse,bwallace3b@tripadvisor.com,y1dk8FYjrMKf,,,maestro,67591273046895311,9/18/2015,
awilliams3c,Andrew Williams,96506 3rd Circle,Bogolyubovo,,,7-(446)552-6262,Male,09/04/1967,Technical Writer,awilliams3c@yellowpages.com,q3CvRwTp3XU,,,visa,4017954034922,3/17/2016,
bryan3d,Benjamin Ryan,126 Gateway Terrace,Pasarnangka,,,62-(719)179-3192,Male,02/06/1994,Software Engineer III,bryan3d@moonfruit.com,pi4dtn,,,laser,6771238379047665,4/23/2016,
ddiaz3e,David Diaz,1 Cherokee Park,Nyanga,,,263-(580)452-5950,Male,09/09/1972,Cost Accountant,ddiaz3e@china.com.cn,n1EbIJ,,,solo,6767810439368988,11/28/2015,
gwagner3f,George Wagner,95 Elgar Park,Infonavit,SLP,79960,52-(988)356-3005,Male,05/21/1952,Senior Quality Engineer,gwagner3f@flickr.com,lKH8cRq,,,americanexpress,343769752417556,12/31/2015,
cmason3g,Charles Mason,82 Darwin Point,Campo Verde,,,55-(433)403-5595,Male,08/24/1955,VP Accounting,cmason3g@yale.edu,mX559lkI9bqF,,,jcb,3530707394624020,4/4/2016,
tcruz3h,Timothy Cruz,0 Pearson Lane,Xazgat,,,86-(784)939-5658,Male,07/21/1995,Tax Accountant,tcruz3h@ehow.com,AkdBHbF,,,china-unionpay,5602258561009248020,4/10/2016,
dclark3i,Daniel Clark,2 Coleman Center,Eskilstuna,D,635 01,46-(373)351-5297,Male,11/29/1992,Web Designer III,dclark3i@cafepress.com,C8DbDnH0,,,mastercard,5010124272376190,8/8/2015,
hrobertson3j,Howard Robertson,9175 Manley Crossing,Stavyshche,,,380-(618)363-6161,Male,11/30/1955,Associate Professor,hrobertson3j@europa.eu,stItzU,,,americanexpress,372900369077921,5/12/2015,
jburns3k,Janice Burns,70 Longview Center,Longyuanba,,,86-(607)681-3747,Female,02/19/1956,VP Marketing,jburns3k@storify.com,tTYUoSD8,,,diners-club-enroute,201901086093495,7/11/2015,
eparker3l,Evelyn Parker,65960 Dahle Trail,Quince Mil,,,51-(744)841-0180,Female,07/06/1958,Financial Analyst,eparker3l@icq.com,AGrv4T8R4,,,jcb,3586229189640643,3/28/2016,
hberry3m,Howard Berry,247 Pawling Trail,Kotauneng,,,62-(260)732-9095,Male,11/25/1977,Dental Hygienist,hberry3m@canalblog.com,uz7gx84E,,,visa-electron,4405572898186995,3/12/2016,
speterson3n,Sharon Peterson,79 Bayside Junction,Marseille,B8,13348 CEDEX 20,33-(373)971-9988,Female,11/11/1976,Sales Associate,speterson3n@mac.com,lCL04et7,,,maestro,5020283934690956,12/12/2015,
bcarroll3o,Betty Carroll,27107 Manley Court,Martinópolis,,,55-(756)451-2876,Female,10/16/1951,Senior Cost Accountant,bcarroll3o@vistaprint.com,6Kr5lhUHO2,,,jcb,3529642421120663,5/25/2015,
bbryant3p,Brenda Bryant,18472 Buell Road,Krajan Kedungsalam,,,62-(333)917-8309,Female,07/17/1963,Office Assistant III,bbryant3p@reddit.com,QIgqIgcVZ0h,,,bankcard,5602253718525492,2/12/2016,
jboyd3q,Judy Boyd,58 Buena Vista Park,Novoye Leushino,,,7-(757)218-9658,Female,09/25/1957,Nuclear Power Engineer,jboyd3q@ustream.tv,G6q0uF3ar,,,jcb,3537150419465454,11/22/2015,
salexander3r,Susan Alexander,4 Debra Place,Rentian,,,86-(376)936-3107,Female,09/17/1957,Data Coordiator,salexander3r@aboutads.info,cfa4oiaBcDax,,,jcb,3564327662240604,5/31/2015,
jduncan3s,Joshua Duncan,38768 Ridgeway Trail,Yupiltepeque,,,502-(824)687-7767,Male,01/04/1978,Pharmacist,jduncan3s@histats.com,U11bh9x,,,jcb,3564814484075771,2/8/2016,
msimmons3t,Martin Simmons,34547 Crownhardt Circle,Harbin,,,86-(805)365-8859,Male,05/01/1992,Analyst Programmer,msimmons3t@ted.com,Lqje7HeF03,,,jcb,3561308602614556,12/11/2015,
jjones3u,Jason Jones,3252 Monterey Point,Saubara,,,55-(672)147-3714,Male,12/10/1956,Budget/Accounting Analyst III,jjones3u@diigo.com,ijvaNkVLR,,,americanexpress,337941839468526,4/11/2016,
agrant3v,Antonio Grant,33 Thierer Park,Kimakamak,,,62-(265)901-7888,Male,12/19/1978,Programmer Analyst II,agrant3v@wunderground.com,hR8VKE73x,,,jcb,3553519460408325,1/20/2016,
ccunningham3w,Christine Cunningham,8284 Becker Road,Baní,,,1-(272)500-2452,Female,08/14/1979,Senior Financial Analyst,ccunningham3w@elegantthemes.com,9kHUiWon,,,jcb,3568206373384255,5/27/2015,
tgrant3x,Terry Grant,084 Haas Lane,Bubullimë,,,355-(867)111-2335,Male,09/10/1946,Project Manager,tgrant3x@fc2.com,CJjkxd7,,,jcb,3567040436358852,8/11/2015,
bkelly3y,Brenda Kelly,5435 Mallard Terrace,Shentong,,,86-(583)394-0673,Female,03/29/1972,Dental Hygienist,bkelly3y@usnews.com,ZaDtTmQ0D,,,jcb,3532377912897710,1/6/2016,
ehayes3z,Evelyn Hayes,456 Miller Center,Mikhaylovsk,,,7-(298)162-2615,Female,02/26/1987,VP Quality Control,ehayes3z@answers.com,Du7GkMNClqaX,,,maestro,50188651640371968,6/24/2015,
jwalker40,Janet Walker,6467 Loomis Pass,Tianyu,,,86-(156)892-9761,Female,12/15/1948,Mechanical Systems Engineer,jwalker40@sohu.com,iLqvvbuc4,,,jcb,3536032292439841,12/10/2015,
hwatson41,Harry Watson,13241 Lake View Circle,Usuki,,,81-(156)941-3828,Male,09/25/1966,VP Quality Control,hwatson41@odnoklassniki.ru,PPkjVq,,,switch,6331103530256826475,9/8/2015,
awagner42,Anna Wagner,8 Leroy Lane,Batas Barat,,,62-(378)244-9509,Female,03/30/1957,Computer Systems Analyst IV,awagner42@squarespace.com,tTRmtQ,,,jcb,3579095531016355,3/2/2016,
jstone43,Justin Stone,7 Canary Avenue,San Juan del Cesar,,,57-(979)575-4422,Male,07/01/1981,Physical Therapy Assistant,jstone43@angelfire.com,zSJPilX,,,mastercard,5164596659875361,9/21/2015,
nflores44,Nicole Flores,3904 Alpine Plaza,South River,ON,,1-(764)444-1775,Female,03/15/1949,Tax Accountant,nflores44@ebay.co.uk,EuAhyam,,,jcb,3540458173647331,8/18/2015,
jlittle45,Julie Little,0 Oriole Drive,Fílla,,,30-(289)452-1870,Female,07/05/1956,VP Product Management,jlittle45@gmpg.org,5uaZ9PZ,,,jcb,3528667383475277,3/17/2016,
rarmstrong46,Rose Armstrong,62 Carpenter Lane,Fresnes,A8,94264 CEDEX,33-(726)903-4399,Female,09/16/1946,Payment Adjustment Coordinator,rarmstrong46@alibaba.com,vzJP16,,,visa,4185018685177,6/14/2015,
malvarez47,Marie Alvarez,99790 Oxford Drive,Aguiar da Beira,09,3570-014,351-(465)945-2564,Female,08/05/1977,Data Coordiator,malvarez47@typepad.com,7bPsoka,,,jcb,3543788301288260,2/12/2016,
wstevens48,Wayne Stevens,8 Mayer Pass,Pindiga,,,234-(622)906-3879,Male,02/22/1992,Occupational Therapist,wstevens48@lycos.com,HcqYKILT9vP,,,switch,4911234792057221,7/14/2015,
jfox49,Jonathan Fox,85 Mandrake Street,Baixo Guandu,,,55-(197)892-6569,Male,12/09/1979,Budget/Accounting Analyst III,jfox49@youtube.com,oPTWsoeJKzV,,,laser,6304842096698310612,2/10/2016,
dwalker4a,Diana Walker,6 Surrey Plaza,Franca,,,55-(561)833-6556,Female,12/16/1986,Safety Technician I,dwalker4a@tamu.edu,qBNELkfn,,,diners-club-carte-blanche,30116610191429,12/9/2015,
hcunningham4b,Howard Cunningham,02211 Mariners Cove Road,Södertälje,AB,151 44,46-(127)359-3862,Male,05/30/1984,Chief Design Engineer,hcunningham4b@xrea.com,KQ9Ncd7,,,jcb,3552799086957365,12/30/2015,
mmorris4c,Michelle Morris,3972 Schiller Terrace,Cajamarca,,,51-(341)165-5895,Female,09/03/1986,Accounting Assistant I,mmorris4c@prnewswire.com,F53OvYnR,,,laser,6771470253737821229,2/22/2016,
poliver4d,Patrick Oliver,58 Mesta Road,Mojkovac,,,382-(416)799-6499,Male,03/27/1961,Clinical Specialist,poliver4d@jiathis.com,nHCf7NgyVi,,,diners-club-carte-blanche,30262431420454,7/31/2015,
jclark4e,Jane Clark,68 Hovde Street,Yartsevo,,,7-(606)971-5722,Female,08/23/1994,Information Systems Manager,jclark4e@dailymotion.com,qc9Ku5B,,,jcb,3559792404002835,10/10/2015,
dhanson4f,Dennis Hanson,35 Sunnyside Alley,Standerton,,,27-(575)897-4880,Male,01/01/1963,Paralegal,dhanson4f@arstechnica.com,yOs8Juc9,,,jcb,3549189235324343,8/16/2015,
sgonzales4g,Stephen Gonzales,86381 Pennsylvania Terrace,Veiga,16,4960-468,351-(690)675-5137,Male,01/20/1958,Help Desk Operator,sgonzales4g@jalbum.net,Yny5CYdX8,,,jcb,3542080270963714,6/6/2015,
jalexander4h,Jerry Alexander,003 Stoughton Circle,Kete Krachi,,,233-(111)263-7070,Male,08/08/1966,Media Manager I,jalexander4h@parallels.com,fJyjNkas,,,solo,6334024966204251,10/28/2015,
whernandez4i,Willie Hernandez,041 Randy Center,Ganyesa,,,27-(530)304-4788,Male,07/25/1965,Civil Engineer,whernandez4i@guardian.co.uk,ZCYG3aG4xlAK,,,jcb,3570836420797798,9/12/2015,
ggeorge4j,George George,85803 Del Sol Avenue,Paris 02,A8,75080 CEDEX 02,33-(882)355-7865,Male,08/24/1992,Senior Cost Accountant,ggeorge4j@telegraph.co.uk,AuEF4rCV50Yj,,,jcb,3571901102432442,12/13/2015,
jalvarez4k,Jonathan Alvarez,1955 Buell Junction,San Rafael Petzal,,,502-(784)136-9065,Male,04/01/1994,Engineer II,jalvarez4k@alibaba.com,orUZWuT,,,jcb,3569488871061747,12/12/2015,
emorgan4l,Eric Morgan,54006 Ridgeview Parkway,Khanabad,,,93-(196)401-4733,Male,05/27/1968,Nurse,emorgan4l@deliciousdays.com,fqxekoE6hOct,,,bankcard,5610675613073485,12/30/2015,
fgeorge4m,Fred George,99342 New Castle Hill,Derjan,,,355-(426)163-3195,Male,08/21/1986,Account Coordinator,fgeorge4m@sphinn.com,9dhcEKi39OK,,,bankcard,5602230624170472,9/28/2015,
afuller4n,Alan Fuller,84 Barnett Road,Boden,BD,961 61,46-(178)954-9831,Male,01/01/1976,Research Associate,afuller4n@domainmarket.com,vtXRdgD3pK,,,bankcard,5602224402006107,8/29/2015,
pkennedy4o,Paula Kennedy,5985 Barnett Trail,Canutama,,,55-(562)153-6079,Female,01/11/1954,Senior Sales Associate,pkennedy4o@mtv.com,7F8tnqA,,,mastercard,5100174728825770,8/26/2015,
rwilliamson4p,Robin Williamson,59 Menomonie Court,Chłapowo,,,48-(681)717-3317,Female,11/13/1972,Technical Writer,rwilliamson4p@auda.org.au,j531STN,,,jcb,3564553322954082,11/3/2015,
djohnston4q,Debra Johnston,6244 Springview Alley,Suresnes,A8,92159 CEDEX,33-(444)864-4735,Female,09/23/1989,VP Accounting,djohnston4q@amazon.com,s7ENVfOGk,,,diners-club-enroute,201829242359684,8/22/2015,
astanley4r,Andrea Stanley,940 Forster Alley,Eyvān,,,98-(172)539-2840,Female,11/15/1968,General Manager,astanley4r@sogou.com,7IljjHprBr,,,instapayment,6374402150070129,5/29/2015,
lgray4s,Larry Gray,57842 Veith Parkway,Bayanhoshuu,,,976-(745)748-2974,Male,10/18/1973,Food Chemist,lgray4s@zimbio.com,zFMIQqBw,,,maestro,67596295046941402,12/18/2015,
pharrison4t,Philip Harrison,418 Corscot Crossing,Batatais,,,55-(321)472-1104,Male,09/24/1978,VP Quality Control,pharrison4t@wsj.com,Wx4pZsKQVc,,,jcb,3547346314800153,2/19/2016,
mmedina4u,Matthew Medina,42 Sommers Avenue,Severnyy,,,7-(947)137-7192,Male,08/19/1997,Director of Sales,mmedina4u@npr.org,WhIt4i,,,jcb,3582325557756385,5/16/2015,
pwatkins4v,Patricia Watkins,47 Dawn Lane,Toupi,,,86-(323)624-0194,Female,05/06/1977,Dental Hygienist,pwatkins4v@scribd.com,lYhWumqAjW,,,jcb,3541821184507431,4/27/2016,
aprice4w,Ann Price,2504 Laurel Avenue,Parry Sound,ON,,1-(304)954-7693,Female,04/30/1993,Safety Technician IV,aprice4w@typepad.com,xjNvynUOdJK,,,diners-club-carte-blanche,30364949968196,2/16/2016,
jlawson4x,Jason Lawson,2180 Mifflin Lane,Lingkou,,,86-(501)365-6786,Male,04/22/1971,Community Outreach Specialist,jlawson4x@barnesandnoble.com,yzDpBloZIn,,,jcb,3551468412755353,10/19/2015,
rward4y,Rose Ward,6676 Esch Trail,Viļāni,,,371-(347)110-8401,Female,03/15/1978,Help Desk Operator,rward4y@comsenz.com,zD39MXTNLr,,,diners-club-carte-blanche,30476295502989,4/1/2016,
pscott4z,Paul Scott,1 Green Ridge Terrace,Milton,SCT,AB56,44-(414)203-1888,Male,11/25/1962,Associate Professor,pscott4z@phoca.cz,SqdXDGxwkN,,,jcb,3553373946532294,11/12/2015,
ccarroll50,Carlos Carroll,2 Mayer Court,Stara Kiszewa,,,48-(487)728-4552,Male,10/20/1947,Physical Therapy Assistant,ccarroll50@nih.gov,0YFYhkdWp,,,jcb,3537068020298918,1/15/2016,
slarson51,Sean Larson,848 Lunder Crossing,Saint-Paul,RE,97864 CEDEX,262-(394)205-3370,Male,03/13/1991,Environmental Specialist,slarson51@ehow.com,EqKIg4D,,,jcb,3528603308435633,1/26/2016,
rgonzalez52,Roy Gonzalez,8536 Service Court,Aqtoghay,,,7-(632)481-8468,Male,01/08/1965,Quality Engineer,rgonzalez52@feedburner.com,4u9h1U7,,,maestro,675951608504202928,1/25/2016,
hwhite53,Helen White,705 Pawling Lane,Tomelilla,M,273 35,46-(534)830-0976,Female,10/23/1994,Assistant Media Planner,hwhite53@theglobeandmail.com,0rX6Ok,,,americanexpress,349386771574061,12/26/2015,
bfuller54,Bruce Fuller,6 Bartelt Hill,Shanlian,,,86-(721)938-7184,Male,09/13/1984,Project Manager,bfuller54@mayoclinic.com,fook5cx,,,jcb,3552473959076287,12/3/2015,
esims55,Edward Sims,62 Westridge Park,Kolsh,,,355-(853)860-9046,Male,02/15/1947,Environmental Specialist,esims55@wp.com,VSkJf9MgkE,,,jcb,3544206300701133,12/11/2015,
wclark56,Wayne Clark,37 Ryan Crossing,Hekou,,,86-(769)186-2485,Male,03/27/1969,Editor,wclark56@smh.com.au,2X5dSLHGl1X,,,jcb,3570440392083376,10/16/2015,
irivera57,Irene Rivera,0 Ronald Regan Lane,Korenëvo,,,7-(200)899-2359,Female,10/16/1962,Recruiting Manager,irivera57@ft.com,Xfazidzm,,,diners-club-us-ca,5446518044009340,8/8/2015,
rschmidt58,Roger Schmidt,236 Upham Road,Mumias,,,254-(115)494-2998,Male,08/12/1965,Human Resources Manager,rschmidt58@globo.com,seMvVhdx441,,,jcb,3548395856683336,7/15/2015,
halvarez59,Harold Alvarez,37 Manufacturers Avenue,Bambuí,,,55-(329)143-3467,Male,05/20/1960,Payment Adjustment Coordinator,halvarez59@elegantthemes.com,esLj8kEquM,,,americanexpress,374622884609206,7/28/2015,
hcollins5a,Harold Collins,55 Prentice Way,Níkaia,,,30-(874)867-4212,Male,04/10/1967,Quality Engineer,hcollins5a@slideshare.net,5AoZgm0m8,,,americanexpress,340392522001783,12/7/2015,
rclark5b,Richard Clark,681 Ridgeview Road,Klampok,,,62-(790)282-3437,Male,10/30/1983,Account Executive,rclark5b@mail.ru,OS6TZlp,,,jcb,3545452748968855,3/26/2016,
pwashington5c,Peter Washington,604 Delaware Hill,Bandeirantes,,,55-(733)859-2604,Male,04/22/1965,Automation Specialist III,pwashington5c@sciencedaily.com,V2ShStM3,,,china-unionpay,5610179611833735,11/1/2015,
bfernandez5d,Brian Fernandez,4 Morning Plaza,Laocheng,,,86-(182)567-5270,Male,12/11/1952,Mechanical Systems Engineer,bfernandez5d@abc.net.au,wNkHKkMYcjGL,,,visa-electron,4913938471081306,4/27/2016,
ccastillo5e,Craig Castillo,930 Michigan Road,Vrangel’,,,7-(471)193-3404,Male,03/18/1949,Staff Accountant III,ccastillo5e@shutterfly.com,Bqf8gN,,,diners-club-us-ca,5500304500014956,10/18/2015,
pmorrison5f,Paul Morrison,07 Ohio Alley,Yancheng,,,86-(526)328-4807,Male,09/01/1992,Software Engineer II,pmorrison5f@washington.edu,reMEGyMLyOvc,,,jcb,3536227114591080,1/15/2016,
aknight5g,Angela Knight,26 Moose Avenue,Pyhäselkä,,,358-(667)272-1894,Female,02/26/1965,Accounting Assistant I,aknight5g@sourceforge.net,YqmvGtcIn,,,jcb,3534895553008477,2/1/2016,
sandrews5h,Samuel Andrews,6 Sloan Drive,Miguel Hidalgo,GRO,39120,52-(119)107-7959,Male,12/02/1969,VP Quality Control,sandrews5h@biblegateway.com,kQiGxLmOuj,,,diners-club-carte-blanche,30135019161742,3/19/2016,
rlittle5i,Ryan Little,13490 Kedzie Drive,Laranganglintong,,,62-(273)539-1839,Male,08/11/1990,Teacher,rlittle5i@hexun.com,NDzzA6L,,,americanexpress,375877486216466,7/31/2015,
wfoster5j,Wanda Foster,4 Mccormick Drive,Yedun,,,86-(603)326-0337,Female,03/13/1957,Analog Circuit Design manager,wfoster5j@adobe.com,dHXm2co,,,maestro,6763040982337685,3/28/2016,
