userID,name,address,city,state,zip,phoneNumber,gender,birthday,expertise,email,password,securityQuestion,securityAnswer,paymentOption,paymentInfo,dateEnrolled,subscriptionStatus
ajackson0,Albert Jackson,99 3rd Drive,Qızılhacılı,,,994-(672)685-6076,Male,05/12/1995,Project Manager,ajackson0@oracle.com,QqgxNTMs,,,china-unionpay,5602225028557255054,9/22/2015,
ilewis1,Irene Lewis,4292 Sycamore Trail,Steinkjer,17,7705,47-(786)976-3793,Female,03/22/1958,Structural Analysis Engineer,ilewis1@illinois.edu,bCQ3H00AyfdB,,,jcb,3542115795050306,10/10/2015,
drivera2,Donald Rivera,25 Lukken Terrace,Liaoyang,,,86-(153)591-7309,Male,05/05/1964,Geological Engineer,drivera2@time.com,kULJpZw,,,mastercard,5100140179943339,8/30/2015,
rscott3,Rose Scott,85 Eggendart Parkway,Jiuhua,,,86-(757)740-2267,Female,11/06/1964,Paralegal,rscott3@berkeley.edu,9c4qWP48,,,jcb,3562002718326580,2/18/2016,
slynch4,Shawn Lynch,2 Paget Alley,Cruz Alta,,,55-(581)571-0546,Male,12/05/1958,Actuary,slynch4@alibaba.com,9yIxHoRrEExR,,,jcb,3582833516785965,1/17/2016,
cdixon5,Carol Dixon,6748 Cambridge Way,Chaupimarca,,,51-(167)524-8757,Female,06/25/1992,Analyst Programmer,cdixon5@earthlink.net,c04nxmQO,,,mastercard,5007660431437279,7/2/2015,
sbrown6,Sara Brown,7 Kropf Alley,Baoshui,,,86-(710)663-1625,Female,08/30/1972,Automation Specialist IV,sbrown6@51.la,LYPb0O5dX,,,mastercard,5469068241983246,8/20/2015,
djones7,Debra Jones,396 Moland Center,Mont-de-Marsan,97,40025 CEDEX,33-(265)424-4408,Female,11/17/1948,Media Manager I,djones7@mtv.com,wy7YOEA,,,diners-club-enroute,201726545001205,11/8/2015,
jberry8,Jonathan Berry,3 Quincy Trail,Ouango,,,236-(998)303-6655,Male,10/29/1990,Actuary,jberry8@uol.com.br,DW4POa7,,,china-unionpay,56022242954796987,7/15/2015,
landerson9,Lillian Anderson,82 Huxley Lane,Ô Môn,,,84-(569)664-9015,Female,08/21/1983,Account Executive,landerson9@europa.eu,5Tgfakbzb5o,,,jcb,3566163807721721,7/23/2015,
nsnydera,Nancy Snyder,2 Debra Road,Nerchinsk,,,7-(982)191-1856,Female,07/22/1974,Internal Auditor,nsnydera@shinystat.com,tKS0lR,,,jcb,3587726354590643,2/11/2016,
jevansb,Jesse Evans,552 Schmedeman Park,Cornwall,PE,,1-(387)471-5812,Male,07/02/1993,Financial Analyst,jevansb@google.nl,g5doFKqc,,,jcb,3589630371292381,5/1/2015,
kleec,Kevin Lee,39021 Holy Cross Point,Shicha,,,86-(192)246-5519,Male,11/05/1995,Quality Engineer,kleec@simplemachines.org,xBA6kaiCIou,,,jcb,3578139536590815,5/26/2015,
jcooperd,Jack Cooper,590 Calypso Street,Talakag,,,63-(112)285-5476,Male,06/21/1967,Sales Representative,jcooperd@phoca.cz,WZV8kvPu,,,visa-electron,4917426855746583,3/27/2016,
swarde,Sandra Ward,277 Dixon Street,Macaíba,,,55-(895)921-5015,Female,03/08/1955,Assistant Professor,swarde@clickbank.net,vH3c696,,,bankcard,5602217217865113,8/19/2015,
aalexanderf,Albert Alexander,5796 Blackbird Circle,Yako,,,226-(270)885-4326,Male,11/04/1979,Design Engineer,aalexanderf@lycos.com,IRx6DM7rvEE,,,mastercard,5100176191508510,11/9/2015,
jkelleyg,Janet Kelley,4 Scofield Drive,Kushikino,,,81-(287)111-2325,Female,03/22/1961,Help Desk Operator,jkelleyg@upenn.edu,K7yKDLKgA,,,jcb,3584987230399871,5/20/2015,
awoodh,Ashley Wood,1313 Atwood Center,Dongxi,,,86-(303)203-9150,Female,03/18/1984,Help Desk Operator,awoodh@weather.com,YMXbAq,,,jcb,3575905798933239,3/23/2016,
alittlei,Amanda Little,2743 Mallard Pass,Las Parejas,,,54-(627)374-4592,Female,03/14/1994,Safety Technician I,alittlei@bizjournals.com,2fI96MzHguAm,,,americanexpress,372301696677402,12/24/2015,
awashingtonj,Andrew Washington,9321 Iowa Circle,Krzęcin,,,48-(326)191-6035,Male,09/14/1988,Statistician II,awashingtonj@sogou.com,cPQgWDAT,,,jcb,3540692366707268,5/18/2015,
lmatthewsk,Laura Matthews,6 Trailsway Crossing,Staroutkinsk,,,7-(360)249-6234,Female,03/23/1955,Account Representative III,lmatthewsk@netvibes.com,ScIPoL3Ck5PD,,,americanexpress,342810985676823,2/22/2016,
ablackl,Anna Black,9 Superior Junction,Suya,,,234-(776)553-6060,Female,02/22/1982,Geologist III,ablackl@adobe.com,jv0238wuO,,,switch,4903500896555850947,5/30/2015,
scolemanm,Sandra Coleman,26 Holmberg Center,Sunjia,,,86-(233)650-6558,Female,04/03/1960,Staff Accountant II,scolemanm@icio.us,Hqs9Sw6,,,visa-electron,4508195969613915,11/10/2015,
jrobertsonn,Johnny Robertson,0944 Crownhardt Center,Kendalrejo,,,62-(512)610-4633,Male,03/25/1956,Junior Executive,jrobertsonn@stanford.edu,jmZJC73YZ,,,diners-club-carte-blanche,30346404565724,3/5/2016,
fwilliamso,Fred Williams,66309 Village Green Drive,Gizo,,,677-(507)449-4737,Male,09/22/1983,Developer I,fwilliamso@plala.or.jp,GnlO3yTuIIT,,,instapayment,6398804102535756,12/1/2015,
wmartinp,William Martin,8976 Forest Dale Lane,Kuzhu,,,86-(415)943-7828,Male,03/08/1974,Executive Secretary,wmartinp@topsy.com,Y3NanC5,,,visa-electron,4026970406131561,7/21/2015,
kharperq,Kathryn Harper,757 Kim Parkway,Cẩm Phả Mines,,,84-(537)267-7880,Female,09/21/1982,Senior Cost Accountant,kharperq@google.pl,JX4N19W,,,diners-club-carte-blanche,30070970905755,1/9/2016,
skellyr,Scott Kelly,7 Stuart Place,Digne-les-Bains,B8,04990 CEDEX 9,33-(494)376-8498,Male,02/02/1961,Human Resources Manager,skellyr@accuweather.com,dCBye14,,,mastercard,5100148700406288,9/18/2015,
kbrookss,Kevin Brooks,5388 Sundown Drive,Si Racha,,,66-(372)659-2152,Male,02/20/1975,Senior Quality Engineer,kbrookss@nyu.edu,uCRtPq,,,americanexpress,337941284677290,5/16/2015,
lschmidtt,Linda Schmidt,5052 Delaware Center,Xuelu,,,86-(418)164-5468,Female,11/19/1954,Analyst Programmer,lschmidtt@issuu.com,d13XqHIZ,,,jcb,3586995545916626,10/18/2015,
bgreeneu,Bonnie Greene,9 Golden Leaf Junction,Best,06,5684,31-(633)114-9312,Female,04/13/1984,Chief Design Engineer,bgreeneu@howstuffworks.com,V6DIKJ91Ib,,,jcb,3550040873499135,12/14/2015,
shendersonv,Steven Henderson,8 Miller Crossing,Mujur Satu,,,62-(314)406-9925,Male,02/18/1994,Environmental Tech,shendersonv@1688.com,48LM7m6OL,,,jcb,3557068715633184,9/19/2015,
mbennettw,Martha Bennett,908 Express Center,Kadubincarung,,,62-(335)605-2707,Female,09/21/1988,Mechanical Systems Engineer,mbennettw@wikipedia.org,Kzr0oc4SIQD,,,mastercard,5007669460710035,8/19/2015,
wvasquezx,William Vasquez,99329 Moland Place,Al Jumūm,,,966-(594)922-3159,Male,06/16/1946,Business Systems Development Analyst,wvasquezx@craigslist.org,NXB3zvV,,,maestro,67594130034297776,3/30/2016,
bcooky,Barbara Cook,3685 Green Lane,Mulan,,,86-(827)791-1309,Female,09/13/1995,Environmental Tech,bcooky@com.com,Y4qbBkS,,,jcb,3568355166496386,10/2/2015,
mblackz,Mildred Black,8199 Forest Run Parkway,Kovel’,,,380-(223)652-4983,Female,07/16/1997,Financial Analyst,mblackz@apache.org,Ik5k0zdMlc7,,,maestro,675973718055244197,7/9/2015,
jstanley10,Judith Stanley,36535 Bayside Court,Gonayiv,,,509-(205)343-7834,Female,12/19/1965,VP Quality Control,jstanley10@indiatimes.com,GYjq0jx,,,maestro,5038635510414814,8/4/2015,
dwilliamson11,Debra Williamson,3985 Acker Plaza,Muyudian,,,86-(402)179-1910,Female,04/13/1983,Senior Editor,dwilliamson11@abc.net.au,Grf6YErRH,,,instapayment,6395752929431761,9/15/2015,
jking12,James King,2725 Waxwing Place,Dar es Salaam,,,255-(547)523-6075,Male,03/24/1989,Research Associate,jking12@hubpages.com,8qOwyQs,,,jcb,3547003306327923,12/7/2015,
mbaker13,Mary Baker,92 Farragut Avenue,Ciusul,,,62-(863)690-7085,Female,03/27/1962,Speech Pathologist,mbaker13@tiny.cc,AKKseRb8ASm,,,switch,4936350837944271,5/15/2015,
hholmes14,Helen Holmes,674 Bonner Park,Rossosh’,,,7-(626)240-4971,Female,03/03/1962,Software Engineer III,hholmes14@paypal.com,ZqXFsaQ5NsEO,,,mastercard,5100134538929543,3/15/2016,
blong15,Benjamin Long,34 Kinsman Alley,Krzeszów,,,48-(359)903-0407,Male,02/07/1983,Accountant II,blong15@artisteer.com,DlCrOwJG,,,mastercard,5007667191682580,11/4/2015,
agordon16,Amy Gordon,1 Carioca Point,Jaguaquara,,,55-(320)395-5462,Female,10/03/1953,Pharmacist,agordon16@geocities.com,IONihxm,,,jcb,3581155811386633,8/3/2015,
dfranklin17,Deborah Franklin,4 Cascade Circle,Huadian,,,86-(603)320-9296,Female,01/04/1995,Director of Sales,dfranklin17@gizmodo.com,MCwXw5aI,,,jcb,3580808027902004,2/23/2016,
tmitchell18,Timothy Mitchell,302 Dawn Road,Köyliö,,,358-(970)511-3650,Male,01/31/1972,Assistant Manager,tmitchell18@hc360.com,FGXUVmqw,,,visa-electron,4913542839141073,4/15/2016,
tarnold19,Tina Arnold,4074 Oak Valley Way,Katsuura,,,81-(879)178-3831,Female,09/23/1991,Research Assistant II,tarnold19@apple.com,bwLXAziD,,,maestro,589323016328684343,2/27/2016,
kwilliamson1a,Kenneth Williamson,27 8th Center,Corrientes,,,54-(722)826-4513,Male,05/05/1984,VP Product Management,kwilliamson1a@youtu.be,ufJUuyxHL,,,jcb,3548530974418054,5/19/2015,
aedwards1b,Alan Edwards,4321 Utah Pass,Jackson,MS,39204,1-(601)388-5872,Male,08/30/1997,Senior Financial Analyst,aedwards1b@uiuc.edu,86UdZeABhi,,,instapayment,6394913376329012,12/29/2015,
jholmes1c,Jonathan Holmes,1 2nd Park,Xufeng,,,86-(984)784-8101,Male,02/10/1961,Assistant Manager,jholmes1c@examiner.com,fGc9CFp7,,,bankcard,5610928711378078,1/26/2016,
jhughes1d,Julia Hughes,406 Maywood Road,Rosais,45,9800-226,351-(783)102-4793,Female,12/22/1985,Analog Circuit Design manager,jhughes1d@barnesandnoble.com,YkZUeq0tL,,,mastercard,5567695414802059,12/29/2015,
sshaw1e,Steven Shaw,2394 Dottie Lane,Negombo,,,94-(233)717-7793,Male,09/20/1980,Business Systems Development Analyst,sshaw1e@google.es,NzcT4ZEMmUwl,,,laser,6706802268244103,10/30/2015,
arivera1f,Angela Rivera,80 Bonner Hill,Santo Ângelo,,,55-(884)676-1569,Female,04/08/1947,Human Resources Assistant IV,arivera1f@sfgate.com,Kwfdd6,,,bankcard,5602248533739864,3/27/2016,
kfields1g,Kimberly Fields,2235 Hayes Avenue,Parigi,,,62-(916)693-0361,Female,12/09/1984,Senior Financial Analyst,kfields1g@4shared.com,TD0A1sBMsK,,,bankcard,5602259103878743,6/17/2015,
svasquez1h,Steven Vasquez,4 Reindahl Road,Xihongmen,,,86-(744)870-2410,Male,11/26/1988,Technical Writer,svasquez1h@ca.gov,1Ch1rm,,,jcb,3534058533915747,11/15/2015,
hburke1i,Harold Burke,69 Mallard Park,Ágios Týchon,,,357-(742)462-3234,Male,08/25/1969,Automation Specialist IV,hburke1i@goo.ne.jp,LcMSImWPze8P,,,jcb,3584410603933168,11/19/2015,
jtaylor1j,Jerry Taylor,876 Fair Oaks Terrace,‘Ibwayn,,,970-(515)505-1059,Male,02/14/1958,Structural Engineer,jtaylor1j@businessweek.com,QADIQl,,,mastercard,5326987145873091,5/10/2015,
lstone1k,Lillian Stone,3054 Anhalt Terrace,Altay,,,7-(930)263-6353,Female,03/14/1978,Marketing Assistant,lstone1k@domainmarket.com,uCBzDW6f,,,china-unionpay,5602224122869677,8/6/2015,
rmorales1l,Ryan Morales,6 Helena Way,Qinnan,,,86-(138)950-3553,Male,11/28/1967,Data Coordiator,rmorales1l@hud.gov,uTMuEu,,,china-unionpay,5602213006351165574,9/16/2015,
rwallace1m,Roger Wallace,86 Warbler Circle,Busia,,,254-(262)971-2573,Male,01/21/1959,Payment Adjustment Coordinator,rwallace1m@domainmarket.com,wdLkhP8AwdUM,,,jcb,3570053610685110,12/7/2015,
rcole1n,Rose Cole,37 Acker Parkway,Puerto Ayacucho,,,58-(402)415-9362,Female,04/21/1968,Sales Representative,rcole1n@tumblr.com,jkt4px,,,jcb,3555354060313453,4/13/2016,
jwalker1o,Julie Walker,34051 4th Hill,Xingdian,,,86-(836)121-7664,Female,08/01/1960,Payment Adjustment Coordinator,jwalker1o@mail.ru,dWNifkYg,,,diners-club-carte-blanche,30297118597513,11/27/2015,
pkelley1p,Phyllis Kelley,95996 Lyons Plaza,Shashūbay,,,7-(573)204-9789,Female,08/19/1994,Tax Accountant,pkelley1p@globo.com,9wCAAYu2jJL,,,mastercard,5100174695679630,3/22/2016,
klee1q,Kenneth Lee,81 Evergreen Park,Qo’ng’irot Shahri,,,998-(224)739-2122,Male,10/16/1994,Assistant Professor,klee1q@vinaora.com,yZIpfuBy7,,,mastercard,5401826424619551,1/26/2016,
cbennett1r,Carol Bennett,8055 Graceland Place,Mosteiros,12,7340-214,351-(916)480-2811,Female,09/12/1984,Electrical Engineer,cbennett1r@photobucket.com,oLLbeU,,,diners-club-carte-blanche,30522890998245,12/5/2015,
jgibson1s,Jack Gibson,86 Old Gate Drive,Andir,,,62-(312)658-2920,Male,09/14/1966,Account Coordinator,jgibson1s@hatena.ne.jp,nxknwUdK,,,maestro,67592119043251165,11/14/2015,
jwood1t,Jeremy Wood,40107 Little Fleur Crossing,Bécancour,QC,,1-(593)120-9220,Male,04/17/1990,Community Outreach Specialist,jwood1t@netlog.com,ebghf1QtI3o,,,mastercard,5010123019363628,1/2/2016,
rwood1u,Ruby Wood,0788 Monica Crossing,Stanari,,,387-(604)430-0721,Female,07/15/1962,Statistician II,rwood1u@huffingtonpost.com,3PublGo5kVwK,,,diners-club-carte-blanche,30434853038243,6/20/2015,
scox1v,Sara Cox,7632 Transport Street,Jatisari,,,62-(603)452-5120,Female,06/22/1979,Web Developer III,scox1v@ning.com,hrGTYAbc2kS,,,mastercard,5167021972922011,2/4/2016,
awells1w,Anthony Wells,39 Mccormick Street,Mella,,,1-(136)438-2009,Male,10/11/1981,Financial Advisor,awells1w@dailymail.co.uk,oga1PCI7Dw,,,diners-club-carte-blanche,30157481997569,4/19/2016,
padams1x,Phyllis Adams,823 David Crossing,Chenyang,,,86-(733)993-4344,Female,11/19/1995,Editor,padams1x@psu.edu,yeVepbBu9s,,,bankcard,5602247436527053,3/25/2016,
shenry1y,Sharon Henry,680 Reinke Drive,Wagini,,,234-(115)207-0508,Female,09/07/1960,Help Desk Operator,shenry1y@berkeley.edu,4ASdEjlY3,,,diners-club-carte-blanche,30402744425630,8/16/2015,
lscott1z,Louise Scott,291 Golf Course Avenue,Galatás,,,30-(728)706-9262,Female,10/11/1974,Software Consultant,lscott1z@oaic.gov.au,B1zHtFA,,,instapayment,6383058954843555,5/26/2015,
jbowman20,Jennifer Bowman,7366 Granby Plaza,Maromitsa,,,7-(926)537-3686,Female,08/27/1996,Product Engineer,jbowman20@free.fr,JTrZD81pGhB,,,jcb,3554545810398956,5/25/2015,
jmendoza21,Jimmy Mendoza,03 Sunfield Hill,Dong Liang’erzhuang,,,86-(681)170-9117,Male,11/20/1967,Environmental Tech,jmendoza21@cnn.com,SJEt063px,,,mastercard,5267402874853687,9/12/2015,
bhunter22,Bobby Hunter,300 Tony Drive,Lobito,,,244-(591)361-7596,Male,11/25/1952,Staff Scientist,bhunter22@youtu.be,t6EoZcKf,,,jcb,3540289001888395,1/23/2016,
laustin23,Lori Austin,6941 Westridge Hill,Monte Redondo,11,2565-522,351-(276)407-2521,Female,05/16/1983,Teacher,laustin23@wufoo.com,BWJ0pQKD,,,jcb,3564854936060583,10/8/2015,
enguyen24,Evelyn Nguyen,95263 Towne Point,Bīr Nabālā,,,970-(517)818-8870,Female,06/10/1981,Graphic Designer,enguyen24@seattletimes.com,VTqs5IFejT5l,,,jcb,3558124616125710,4/3/2016,
bbutler25,Brandon Butler,804 Glacier Hill Circle,Marinha,10,2425-838,351-(877)718-6820,Male,06/16/1985,Analyst Programmer,bbutler25@mozilla.com,d6lUIks0,,,mastercard,5100141049713357,8/11/2015,
wbell26,Wayne Bell,78526 Ridgeway Trail,Viking,AB,,1-(134)157-3061,Male,11/28/1973,Environmental Tech,wbell26@vistaprint.com,Vy3ZVP7,,,laser,670693779683563374,9/29/2015,
ppalmer27,Patricia Palmer,10 Rusk Lane,Taiping,,,86-(360)262-4344,Female,10/04/1976,Editor,ppalmer27@chronoengine.com,cHi1lyl04hx,,,jcb,3544407336327923,4/9/2016,
rwright28,Randy Wright,7625 Orin Terrace,Clogherhead,,,353-(236)438-5991,Male,11/08/1955,Design Engineer,rwright28@bravesites.com,2jGt6xqC,,,diners-club-enroute,201947316664308,4/3/2016,
vgraham29,Virginia Graham,7243 International Way,Nkandla,,,27-(229)670-5031,Female,09/09/1989,Quality Control Specialist,vgraham29@mail.ru,VOFg5ywH,,,jcb,3568241987684022,6/24/2015,
jcrawford2a,Jimmy Crawford,3 Little Fleur Point,Moriguchi,,,81-(159)872-8074,Male,10/04/1948,Analyst Programmer,jcrawford2a@who.int,0Wcb8YLqZcPu,,,mastercard,5100142059118628,2/28/2016,
whayes2b,William Hayes,63 Hagan Pass,Carepa,,,57-(195)199-0036,Male,05/21/1979,Nurse,whayes2b@myspace.com,rpMc22fv5k,,,visa-electron,4405241924721692,11/22/2015,
cburns2c,Carol Burns,719 Artisan Pass,Urdaneta,,,63-(556)569-6587,Female,02/24/1954,Staff Accountant II,cburns2c@census.gov,C39tzs6tol,,,jcb,3580664776888724,8/20/2015,
ljames2d,Linda James,0929 International Lane,Palaihari,,,62-(826)402-7326,Female,06/12/1950,Software Engineer I,ljames2d@jugem.jp,IwBmGp5,,,solo,6334815283021603,7/19/2015,
boliver2e,Billy Oliver,399 Spenser Way,Ganja,,,994-(937)926-5173,Male,11/21/1994,Structural Analysis Engineer,boliver2e@npr.org,1mYX39kAu,,,jcb,3574141194437010,7/11/2015,
arichardson2f,Anna Richardson,81 Hauk Junction,Rayong,,,66-(656)953-3030,Female,08/16/1956,Web Developer I,arichardson2f@diigo.com,Bi3vyx,,,jcb,3560179617449192,1/15/2016,
jwagner2g,Jose Wagner,432 Holmberg Parkway,Jammā‘īn,,,970-(717)707-3824,Male,04/02/1972,Programmer II,jwagner2g@surveymonkey.com,C78w8memj,,,china-unionpay,56022220887275642,11/29/2015,
doliver2h,Donna Oliver,69 Utah Lane,Wenping,,,86-(465)290-5092,Female,03/17/1992,VP Marketing,doliver2h@cafepress.com,QrBfgt7Y40,,,jcb,3584514420460329,11/29/2015,
dreynolds2i,Donald Reynolds,7 Melrose Park,Santa Lucia,,,63-(675)539-1480,Male,06/27/1948,Chief Design Engineer,dreynolds2i@cnn.com,h6ZfRg0cAJQC,,,jcb,3574277944215510,3/4/2016,
iburns2j,Irene Burns,3640 Maple Junction,Manturovo,,,7-(297)889-8965,Female,01/20/1977,Biostatistician I,iburns2j@sohu.com,0xxY1jB,,,jcb,3555557034096299,1/17/2016,
jhernandez2k,Jeffrey Hernandez,2 Crowley Road,Jadowniki Mokre,,,48-(257)821-1434,Male,01/01/1981,Registered Nurse,jhernandez2k@stumbleupon.com,shRa2KyTW7,,,maestro,0604043385278643,10/3/2015,
chunt2l,Christopher Hunt,6281 Debra Avenue,Rosice,,,420-(308)978-0881,Male,05/07/1980,Quality Control Specialist,chunt2l@newsvine.com,LjD1i9y2xP,,,maestro,6762419691146911,8/11/2015,
glewis2m,Gerald Lewis,41 Coolidge Parkway,Chortkiv,,,380-(708)474-7115,Male,08/29/1996,Nurse,glewis2m@mozilla.com,n8w419Lgz1kD,,,jcb,3578622850690832,1/4/2016,
afrazier2n,Aaron Frazier,92709 Holmberg Alley,Socos,,,51-(833)772-3197,Male,02/12/1954,Civil Engineer,afrazier2n@uol.com.br,UGF6aJ,,,switch,493602591258961298,12/17/2015,
cstone2o,Carl Stone,209 Shopko Hill,Dabu,,,86-(961)940-0372,Male,12/19/1964,Director of Sales,cstone2o@ca.gov,Bi8hfJAmcyI,,,mastercard,5100173713808585,12/21/2015,
wjohnson2p,Wayne Johnson,62793 Lakewood Gardens Place,Gjilan,,,383-(893)894-7025,Male,05/29/1956,Assistant Manager,wjohnson2p@dailymotion.com,EvRv7t,,,mastercard,5100140187352747,7/20/2015,
bfernandez2q,Benjamin Fernandez,619 Anzinger Crossing,Huaraz,,,51-(641)264-6923,Male,11/04/1956,Geologist III,bfernandez2q@drupal.org,Lbgl7fiZ,,,jcb,3576075020572830,12/6/2015,
wrogers2r,William Rogers,123 Bonner Avenue,Vedène,B8,84274 CEDEX,33-(607)269-1680,Male,09/30/1965,Senior Cost Accountant,wrogers2r@howstuffworks.com,Q8pKv403e4Bb,,,jcb,3543111730949271,12/15/2015,
cwoods2s,Craig Woods,733 Dryden Park,Ilovlya,,,7-(878)439-6573,Male,12/20/1984,Media Manager I,cwoods2s@slashdot.org,iihziQPz3g,,,jcb,3541892279222558,11/2/2015,
waustin2t,Wayne Austin,13136 Helena Street,Orita Eruwa,,,234-(541)779-0215,Male,06/02/1983,Geological Engineer,waustin2t@simplemachines.org,8881HN,,,jcb,3534687740437341,5/7/2015,
rmorales2u,Rose Morales,42 Maple Wood Avenue,Beigang,,,86-(626)997-1477,Female,06/02/1990,Administrative Assistant II,rmorales2u@webmd.com,iW0Zp69vw87,,,diners-club-carte-blanche,30466263890581,5/17/2015,
jcunningham2v,Julie Cunningham,746 Algoma Crossing,Dongchuan,,,86-(332)226-6187,Female,09/25/1950,Clinical Specialist,jcunningham2v@etsy.com,TYVw4VO,,,mastercard,5007669063122257,9/26/2015,
jbrown2w,Janice Brown,116 Ridgeview Point,Nangka,,,63-(328)466-0984,Female,09/15/1957,Health Coach III,jbrown2w@blogspot.com,SmCgm2jeSpR,,,maestro,675974787490822304,5/22/2015,
bramirez2x,Bonnie Ramirez,32966 New Castle Junction,Leixlip,,,353-(761)112-5535,Female,11/08/1955,Structural Analysis Engineer,bramirez2x@t.co,C967hYaIwCeE,,,jcb,3544587682674323,6/14/2015,
kdiaz2y,Kenneth Diaz,4 Green Hill,Jinli,,,86-(235)917-8448,Male,03/27/1979,Internal Auditor,kdiaz2y@yahoo.co.jp,HfiTqlT9,,,visa-electron,4913834887711984,1/25/2016,
agreene2z,Ashley Greene,36 Brown Place,Bromma,AB,167 37,46-(280)242-2422,Female,12/22/1974,Associate Professor,agreene2z@vinaora.com,lOkY21JU7B,,,mastercard,5048378911328717,4/25/2016,
ilee30,Irene Lee,7245 Ludington Trail,Watulumbung,,,62-(127)925-7863,Female,08/04/1994,Internal Auditor,ilee30@vk.com,knm4cJ8,,,diners-club-carte-blanche,30364416140840,11/30/2015,
rcrawford31,Ralph Crawford,09744 Beilfuss Terrace,Mito-shi,,,81-(208)208-8954,Male,08/10/1973,Sales Associate,rcrawford31@smugmug.com,Y4KvPBq,,,jcb,3534705558603356,4/24/2016,
kcrawford32,Kevin Crawford,1784 Pond Street,Belén de Escobar,,,54-(653)566-5456,Male,01/08/1975,Data Coordiator,kcrawford32@nps.gov,I4IVOFByUg,,,jcb,3575090398147058,1/13/2016,
gturner33,Gloria Turner,57882 Hollow Ridge Center,Kampungbajo,,,62-(761)130-7008,Female,09/03/1954,Director of Sales,gturner33@webmd.com,Uu1sAD8Vx,,,maestro,5038841376002822,4/16/2016,
rturner34,Robert Turner,218 Montana Parkway,Pho Si Suwan,,,66-(822)258-0222,Male,10/27/1950,Biostatistician IV,rturner34@photobucket.com,IKYYS5,,,mastercard,5100146639572782,6/7/2015,
bfields35,Betty Fields,20073 Golden Leaf Point,Tromsø,19,9270,47-(538)941-1853,Female,12/18/1987,Registered Nurse,bfields35@xinhuanet.com,uT6rOKpx0e3,,,mastercard,5100148458053282,4/15/2016,
hmorris36,Heather Morris,443 Graedel Crossing,Tungol,,,63-(122)207-4506,Female,11/17/1978,Senior Quality Engineer,hmorris36@cbc.ca,BkjDswlf,,,jcb,3573225119232381,10/20/2015,
jburns37,Jesse Burns,5 Scott Circle,Cikujang,,,62-(947)345-5208,Male,05/16/1962,Community Outreach Specialist,jburns37@e-recht24.de,TUNkFIoFaaxE,,,jcb,3537960518971057,5/6/2015,
epierce38,Elizabeth Pierce,922 Vidon Circle,Sula,,,63-(276)502-9542,Female,04/15/1988,Clinical Specialist,epierce38@google.com.hk,w58ZCXAzG7,,,jcb,3560819059218403,2/28/2016,
rcruz39,Roy Cruz,5 Schurz Trail,Lhakangtang,,,86-(534)668-2679,Male,09/13/1954,Electrical Engineer,rcruz39@google.es,O2J3TI9F,,,diners-club-carte-blanche,30596438263924,11/19/2015,
halvarez3a,Henry Alvarez,52 Lighthouse Bay Road,Nagareyama,,,81-(985)407-7093,Male,03/28/1949,Business Systems Development Analyst,halvarez3a@prweb.com,6kKQR6,,,switch,6759497183948965,2/16/2016,
cday3b,Clarence Day,8076 Tomscot Center,Vereya,,,7-(370)191-7272,Male,06/22/1948,Civil Engineer,cday3b@over-blog.com,XNP6MWy9K83i,,,switch,4903308543860370,12/22/2015,
maustin3c,Maria Austin,945 Ronald Regan Parkway,Jiyang,,,86-(198)707-4733,Female,01/29/1971,Speech Pathologist,maustin3c@homestead.com,aoDTq5b,,,visa-electron,4917136463903225,9/23/2015,
wcollins3d,Wanda Collins,4 Shopko Lane,Ambovombe,,,261-(862)580-3673,Female,12/28/1996,Director of Sales,wcollins3d@ebay.com,fRO9Ys,,,bankcard,5602241592724836,8/23/2015,
dryan3e,Doris Ryan,65 Bay Place,Masebewa,,,62-(735)442-4995,Female,04/27/1979,VP Accounting,dryan3e@myspace.com,d4wPWin9p,,,mastercard,5100141634829360,12/20/2015,
amorrison3f,Albert Morrison,86011 Gateway Junction,Krugersdorp,,,27-(138)695-2338,Male,12/25/1982,Professor,amorrison3f@sogou.com,O2993Cj2,,,mastercard,5100149539514102,1/25/2016,
cgomez3g,Cheryl Gomez,280 Birchwood Plaza,Necochea,,,54-(803)879-6282,Female,01/03/1949,Sales Representative,cgomez3g@redcross.org,8t67rHOVUU1,,,visa,4493529545405,1/19/2016,
khowell3h,Kenneth Howell,0 Dahle Parkway,Terra Chã,43,9700-685,351-(199)831-1673,Male,11/21/1966,Health Coach II,khowell3h@devhub.com,JPeQcxsKj,,,diners-club-enroute,201853802619972,2/9/2016,
abowman3i,Ann Bowman,8316 Stephen Junction,Lewolere,,,62-(469)185-3083,Female,02/26/1969,Account Executive,abowman3i@columbia.edu,41asePR28B,,,diners-club-enroute,201679392004873,9/19/2015,
tgordon3j,Teresa Gordon,37314 Amoth Road,Linëvo,,,7-(888)860-8611,Female,07/21/1961,Automation Specialist I,tgordon3j@is.gd,jzJhsBsF,,,visa,4041596007971,8/29/2015,
tflores3k,Timothy Flores,67 Lunder Lane,Bantogon,,,63-(623)875-1515,Male,03/19/1953,Project Manager,tflores3k@ucoz.com,1n8P0ds,,,switch,675953847747898799,11/2/2015,
fwashington3l,Frank Washington,968 Lunder Junction,Janeng,,,267-(314)604-7136,Male,04/07/1955,Quality Engineer,fwashington3l@irs.gov,ujVHrqZpFMww,,,jcb,3546285048650115,6/24/2015,
jwilson3m,Julia Wilson,458 Hoard Lane,Ngawen,,,62-(187)974-8322,Female,07/18/1985,Biostatistician IV,jwilson3m@yellowpages.com,Rv9MA2eVV,,,mastercard,5108757076496434,3/15/2016,
ablack3n,Alice Black,3 Little Fleur Court,Zicheng,,,86-(353)243-9173,Female,06/16/1959,VP Marketing,ablack3n@posterous.com,9yoQLgknKrkl,,,jcb,3550868363655356,5/15/2015,
bhernandez3o,Billy Hernandez,382 Fordem Junction,Changzheng,,,86-(795)635-1802,Male,08/20/1958,Technical Writer,bhernandez3o@unblog.fr,JTckvbWxthxc,,,jcb,3558150326945550,11/18/2015,
poliver3p,Patricia Oliver,6 Linden Circle,Svirsk,,,7-(281)949-6321,Female,09/23/1994,Computer Systems Analyst II,poliver3p@phoca.cz,yslv5oRbwy,,,jcb,3546136412463595,9/7/2015,
kgarcia3q,Kathleen Garcia,5 Glendale Circle,Araguari,,,55-(789)852-5916,Female,09/17/1956,Staff Scientist,kgarcia3q@techcrunch.com,TqgFXaPj,,,mastercard,5002353747073989,10/20/2015,
lmorris3r,Lawrence Morris,11 Kinsman Circle,Laval,QC,,1-(668)442-3753,Male,10/30/1991,Civil Engineer,lmorris3r@wisc.edu,ZRDZTW,,,jcb,3558760666366413,5/14/2015,
llawson3s,Lillian Lawson,36054 Monterey Circle,Sydney,NSW,1206,61-(655)982-4483,Female,12/11/1960,Account Executive,llawson3s@mozilla.org,CT6ttc,,,jcb,3558255525494803,6/12/2015,
dvasquez3t,Denise Vasquez,08 Hooker Pass,Bultfontein,,,27-(799)834-7060,Female,09/30/1966,Occupational Therapist,dvasquez3t@amazon.com,DuhLuSGexR,,,bankcard,5610194274779729,8/26/2015,
jaustin3u,Julie Austin,1 Waubesa Street,Milton,ON,,1-(550)254-3901,Female,11/19/1986,Database Administrator II,jaustin3u@microsoft.com,FCFhU49vpA,,,jcb,3543465255123104,5/12/2015,
gowens3v,Gloria Owens,419 Rutledge Trail,Mesker-Yurt,,,7-(410)761-4599,Female,12/24/1965,Registered Nurse,gowens3v@jugem.jp,TcasUaHxkUt,,,jcb,3567863530475433,11/6/2015,
kbennett3w,Kelly Bennett,0782 Hollow Ridge Court,Damnoen Saduak,,,66-(850)734-0405,Female,08/14/1962,Nuclear Power Engineer,kbennett3w@bigcartel.com,Hdb8zki1j6sD,,,americanexpress,374288132378034,10/25/2015,
cstanley3x,Craig Stanley,73460 Helena Terrace,Huikou,,,86-(379)877-2979,Male,09/06/1953,Office Assistant I,cstanley3x@reference.com,4uqfOpcnq,,,diners-club-enroute,201444526417800,2/24/2016,
rkim3y,Richard Kim,3 Browning Terrace,København,1084,1349,45-(939)920-3678,Male,07/29/1974,Help Desk Operator,rkim3y@epa.gov,9M5XF9,,,visa,4170990200426128,11/25/2015,
jhunter3z,Jonathan Hunter,41 Hauk Road,København,1084,1577,45-(866)768-8710,Male,06/18/1960,Structural Analysis Engineer,jhunter3z@unicef.org,qi2ScHQM,,,instapayment,6382538446089728,7/30/2015,
agardner40,Andrew Gardner,58407 Duke Place,Lamas,03,4830-411,351-(242)777-1676,Male,01/12/1986,Financial Analyst,agardner40@booking.com,DnBAJO6zzZ,,,bankcard,5602215652012589,10/28/2015,
jwood41,Julia Wood,34 Ridgeview Lane,Vinež,,,385-(174)637-8283,Female,10/12/1980,Occupational Therapist,jwood41@usa.gov,PxX6WltZETOT,,,jcb,3588960009830356,9/14/2015,
khart42,Kathryn Hart,6232 Columbus Terrace,Arţās,,,970-(844)318-0956,Female,09/18/1964,Legal Assistant,khart42@bizjournals.com,KCpmYMeILX,,,laser,67714663643470587,11/28/2015,
tporter43,Terry Porter,5 Glacier Hill Way,Pingba,,,86-(281)969-8336,Male,08/18/1954,VP Accounting,tporter43@sciencedaily.com,jr9EIHe9nv,,,jcb,3565784412943516,8/31/2015,
ahudson44,Ann Hudson,595 Memorial Parkway,Ostroróg,,,48-(265)710-6818,Female,07/29/1985,Chemical Engineer,ahudson44@berkeley.edu,NgPwxcOA,,,jcb,3532959927412773,4/22/2016,
rkennedy45,Raymond Kennedy,5909 Erie Point,Velké Opatovice,,,420-(480)695-4009,Male,11/29/1989,Recruiting Manager,rkennedy45@examiner.com,VTIdzY4WXBId,,,diners-club-carte-blanche,30129766436407,8/20/2015,
sbrown46,Samuel Brown,8734 Loomis Pass,Biqiao,,,86-(589)322-9878,Male,01/05/1986,Accounting Assistant I,sbrown46@usnews.com,zjjczYFK7,,,instapayment,6386000446430457,3/3/2016,
cfowler47,Carolyn Fowler,9829 Fordem Road,Tymbark,,,48-(265)172-9332,Female,09/12/1975,Registered Nurse,cfowler47@slideshare.net,9KzILxy5,,,maestro,060452807541650201,6/30/2015,
rwashington48,Rachel Washington,27913 Forest Dale Parkway,Sosnovoborsk,,,7-(380)329-7459,Female,09/09/1946,Civil Engineer,rwashington48@php.net,TRFGVr,,,jcb,3551694444484171,1/10/2016,
abutler49,Annie Butler,1 Warner Avenue,Kazo,,,81-(718)209-8669,Female,10/15/1979,Physical Therapy Assistant,abutler49@home.pl,zrP4JhdeKmhY,,,switch,4905721415009439,5/28/2015,
rhamilton4a,Robin Hamilton,817 Bluejay Hill,Madaoua,,,227-(752)769-8985,Female,09/03/1960,Programmer I,rhamilton4a@networksolutions.com,bxbiU6,,,jcb,3581603008933402,8/2/2015,
kcarpenter4b,Kenneth Carpenter,9472 Texas Trail,Chaves,17,5400-006,351-(263)493-5260,Male,08/22/1987,Environmental Tech,kcarpenter4b@marketwatch.com,15eTKLh4iCY,,,diners-club-carte-blanche,30135487382119,9/8/2015,
aross4c,Anna Ross,9 Northridge Way,Bara Datu,,,62-(537)306-9927,Female,10/27/1963,Automation Specialist I,aross4c@washington.edu,ywUqNCj,,,mastercard,5377656358233495,10/28/2015,
ayoung4d,Amanda Young,49 Talisman Circle,Samashki,,,7-(350)857-7221,Female,05/24/1958,Tax Accountant,ayoung4d@apple.com,Aigocd7p39P,,,visa,4041592858286,6/19/2015,
mduncan4e,Maria Duncan,55 Porter Terrace,Bulls,,,64-(783)596-2432,Female,07/09/1970,Graphic Designer,mduncan4e@google.com.au,HGKESw,,,maestro,67636970178157199,11/29/2015,
mgreen4f,Michael Green,9 Chinook Trail,Zaječí,,,420-(224)286-4685,Male,08/22/1959,Accounting Assistant I,mgreen4f@hhs.gov,kgrcrvSa01r,,,jcb,3573894705913884,2/8/2016,
jporter4g,Judith Porter,736 Village Terrace,La Ceja,,,57-(210)792-8410,Female,02/20/1966,Administrative Assistant II,jporter4g@wikipedia.org,ja2YOth,,,jcb,3536353598565828,11/8/2015,
tphillips4h,Terry Phillips,93 Stuart Parkway,Ikot-Ekpene,,,234-(937)575-7801,Male,08/27/1969,Librarian,tphillips4h@dion.ne.jp,Y2gsHXBM5hf,,,jcb,3579509105332857,11/9/2015,
ilopez4i,Irene Lopez,94857 Pierstorff Junction,Ganxi,,,86-(692)500-2656,Female,04/29/1948,Clinical Specialist,ilopez4i@unicef.org,nJCCBQ,,,solo,676783805890302310,1/13/2016,
ggriffin4j,Gary Griffin,75844 Hermina Park,Ninove,VLG,9404,32-(898)315-4620,Male,04/08/1996,Engineer I,ggriffin4j@jalbum.net,9gsJlxD,,,jcb,3555534629866634,5/22/2015,
cfox4k,Clarence Fox,1 Amoth Street,Hongsung,,,82-(325)698-5413,Male,09/04/1959,Desktop Support Technician,cfox4k@sakura.ne.jp,B6fQzyax8,,,switch,5641826541873788369,11/9/2015,
edean4l,Ernest Dean,387 Westport Street,Camajuaní,,,53-(898)941-7524,Male,05/24/1960,Developer IV,edean4l@symantec.com,pZLGC8x,,,americanexpress,337941769259523,4/28/2016,
jbradley4m,Julie Bradley,1716 Corben Court,Adare,,,353-(156)545-6964,Female,02/29/1948,Nurse,jbradley4m@oracle.com,vgxD1phRpoT,,,maestro,6763532058619699,12/16/2015,
wclark4n,Willie Clark,6 Dorton Park,Paris 04,A8,75195 CEDEX 04,33-(138)264-8743,Male,09/09/1975,Assistant Media Planner,wclark4n@simplemachines.org,MmbIKXHU,,,jcb,3580632021134913,2/21/2016,
shughes4o,Scott Hughes,0570 Blaine Center,Tomé,,,56-(298)936-5584,Male,07/06/1987,Engineer IV,shughes4o@eepurl.com,wqWD1TVl51a7,,,china-unionpay,560225715376132119,1/28/2016,
mgonzalez4p,Mildred Gonzalez,0248 Forest Run Parkway,Liliana,,,62-(944)143-2558,Female,05/14/1995,Executive Secretary,mgonzalez4p@blog.com,A5hOJZT,,,jcb,3581689414184854,6/20/2015,
jgarrett4q,Julie Garrett,4871 Kennedy Way,Boniewo,,,48-(356)602-0215,Female,02/06/1963,Web Designer I,jgarrett4q@ed.gov,loirCO8,,,visa,4017954130910,5/3/2015,
tduncan4r,Todd Duncan,4555 Delladonna Alley,Martil,,,212-(777)791-7405,Male,11/24/1993,Accountant I,tduncan4r@altervista.org,JqwOFKtPFx,,,jcb,3556472300689307,12/16/2015,
pday4s,Paula Day,99 Barnett Way,Manjing,,,86-(806)681-1432,Female,07/13/1988,Software Engineer I,pday4s@nih.gov,jq3bk9,,,jcb,3577326024482149,11/16/2015,
ckelly4t,Cynthia Kelly,713 Ridge Oak Pass,Prigrevica,,,381-(927)808-5471,Female,05/30/1975,Quality Engineer,ckelly4t@ifeng.com,WXAKE3P3,,,diners-club-carte-blanche,30118738689540,3/2/2016,
gchapman4u,Gerald Chapman,06818 Summit Plaza,Yangjia,,,86-(517)689-2433,Male,08/28/1997,Technical Writer,gchapman4u@toplist.cz,WAPMabWyu,,,china-unionpay,56022307666550947,1/18/2016,
arivera4v,Arthur Rivera,5 Elmside Junction,Inya,,,7-(726)461-1499,Male,12/09/1990,Design Engineer,arivera4v@behance.net,noLg6b,,,solo,6767072592841216,2/15/2016,
egordon4w,Evelyn Gordon,2810 Schurz Plaza,Wailolung,,,62-(947)719-4860,Female,06/05/1962,Health Coach I,egordon4w@cloudflare.com,0gLv8a,,,jcb,3538436252642542,9/26/2015,
kreynolds4x,Katherine Reynolds,2 Gulseth Terrace,Bogorejo,,,62-(547)716-8586,Female,02/21/1960,Quality Engineer,kreynolds4x@com.com,OUn2hgS,,,diners-club-carte-blanche,30576808819935,10/21/2015,
fwhite4y,Frank White,6961 Hayes Plaza,Apopa,,,503-(601)410-2896,Male,08/05/1956,Community Outreach Specialist,fwhite4y@bbc.co.uk,eBBiDgXh,,,jcb,3585266155659026,5/24/2015,
sflores4z,Shawn Flores,498 Comanche Place,Girihieum,,,62-(776)378-9681,Male,01/10/1948,Research Associate,sflores4z@wiley.com,exYYlaGLY0r0,,,jcb,3564823994269881,7/4/2015,
astanley50,Anna Stanley,04853 Charing Cross Center,Ilām,,,977-(492)781-3893,Female,01/19/1958,Research Nurse,astanley50@theguardian.com,5WLA6bdn2cB,,,switch,490592087619045218,5/13/2015,
rhunter51,Ruth Hunter,866 Bultman Alley,Buenavista,SIN,81806,52-(382)816-4402,Female,12/31/1982,Social Worker,rhunter51@stanford.edu,Ki8d3d1Y,,,jcb,3581801362401848,9/16/2015,
wpeters52,William Peters,0440 4th Alley,Shangshaleng,,,86-(525)306-0606,Male,09/03/1989,Geological Engineer,wpeters52@yahoo.com,BzvfPF4wU,,,diners-club-enroute,201813464584708,4/6/2016,
tjohnson53,Tina Johnson,602 Luster Way,Mineiros,,,55-(956)754-9501,Female,11/30/1964,Payment Adjustment Coordinator,tjohnson53@hexun.com,T8IhUAbeCYg,,,laser,677162229667168268,6/20/2015,
mmills54,Maria Mills,3087 Dwight Crossing,Pandangan Kulon,,,62-(515)180-2022,Female,08/18/1986,Occupational Therapist,mmills54@japanpost.jp,X1CXVNeeSrXY,,,maestro,6763037948614843,7/30/2015,
lmontgomery55,Lawrence Montgomery,094 Pleasure Court,Bazar-Korgon,,,996-(688)739-8351,Male,06/28/1953,Financial Advisor,lmontgomery55@live.com,ouIMNQj4YSC,,,visa,4041590861713967,12/23/2015,
mstanley56,Mark Stanley,8069 Columbus Park,Maikawada,,,62-(293)236-3834,Male,01/01/1955,Technical Writer,mstanley56@1und1.de,78JLiIs,,,switch,4911855671827928,1/28/2016,
shansen57,Stephen Hansen,08779 Becker Avenue,São Filipe,,,238-(748)645-9018,Male,04/07/1986,Nurse Practicioner,shansen57@slate.com,pXmuCw,,,laser,6304890305680633,8/29/2015,
shenderson58,Steve Henderson,18725 Shelley Terrace,Pasarkolot,,,62-(950)701-1856,Male,12/09/1989,Design Engineer,shenderson58@hatena.ne.jp,hJOWOM7u,,,switch,6759916207080197261,3/30/2016,
aruiz59,Alice Ruiz,8712 Prairie Rose Road,Tuateta,,,62-(367)858-5345,Female,11/20/1958,Senior Editor,aruiz59@privacy.gov.au,eG0mZ9MkU,,,mastercard,5007669378430460,8/7/2015,
rgutierrez5a,Robin Gutierrez,547 Dakota Plaza,Sukarara Utara,,,62-(859)348-3014,Female,08/10/1982,Junior Executive,rgutierrez5a@dot.gov,llZJw48K6,,,jcb,3565055167030332,7/24/2015,
jhunt5b,Jason Hunt,4916 Forest Dale Drive,Nabari,,,81-(414)505-5832,Male,05/18/1967,Civil Engineer,jhunt5b@imgur.com,9ffPkrhObWH,,,maestro,67633138437193966,9/17/2015,
cdixon5c,Christine Dixon,3 Anthes Circle,Catanduva,,,55-(224)163-5500,Female,11/12/1973,Systems Administrator I,cdixon5c@imgur.com,gGstLRfigj8,,,jcb,3582115815901968,1/10/2016,
dboyd5d,Debra Boyd,2 Haas Park,Berck,B4,62604 CEDEX,33-(575)491-9147,Female,06/25/1978,Graphic Designer,dboyd5d@yellowpages.com,tUZSzzbZanEB,,,diners-club-enroute,201717036721377,8/28/2015,
rhenry5e,Ronald Henry,17 Monument Avenue,Sacramento,CA,94273,1-(916)888-7035,Male,10/31/1973,Analog Circuit Design manager,rhenry5e@state.gov,uogiglu2,,,jcb,3546900292162456,3/14/2016,
gpierce5f,Gerald Pierce,3375 3rd Plaza,Sepatan,,,62-(107)411-6748,Male,03/05/1967,Systems Administrator IV,gpierce5f@dropbox.com,oC4w42l5Ku2O,,,jcb,3588757080009813,3/28/2016,
tgreene5g,Tammy Greene,1485 Doe Crossing Place,Torzhok,,,7-(276)678-1605,Female,11/25/1992,Occupational Therapist,tgreene5g@reference.com,PW5zRK2,,,jcb,3555671854494532,3/13/2016,
phart5h,Pamela Hart,92 Hudson Lane,Ciomas,,,62-(254)556-3779,Female,10/04/1974,Business Systems Development Analyst,phart5h@google.com,7uLYoI47,,,jcb,3584810965106776,3/4/2016,
rburns5i,Ruby Burns,2116 Barnett Crossing,Mabay,,,63-(355)130-7746,Female,12/08/1967,VP Product Management,rburns5i@cnet.com,1YSUEqx,,,jcb,3561025754765008,12/18/2015,
tolson5j,Teresa Olson,5 Warbler Circle,Bailu,,,86-(594)800-2572,Female,08/28/1981,Chief Design Engineer,tolson5j@skype.com,BKf7oCKzbO,,,jcb,3585596424989972,7/9/2015,
